category,date,value
blue,2020-01-01,415
blue,2020-01-02,419
blue,2020-01-03,409
blue,2020-01-04,400
blue,2020-01-05,390
blue,2020-01-06,392
blue,2020-01-07,390
blue,2020-01-08,384
blue,2020-01-09,394
blue,2020-01-10,398
blue,2020-01-11,407
blue,2020-01-12,417
blue,2020-01-13,423
blue,2020-01-14,421
blue,2020-01-15,412
blue,2020-01-16,411
blue,2020-01-17,420
blue,2020-01-18,429
blue,2020-01-19,439
blue,2020-01-20,440
blue,2020-01-21,443
blue,2020-01-22,450
blue,2020-01-23,455
blue,2020-01-24,445
blue,2020-01-25,446
blue,2020-01-26,441
blue,2020-01-27,450
blue,2020-01-28,455
blue,2020-01-29,451
blue,2020-01-30,460
blue,2020-01-31,466
blue,2020-02-01,458
blue,2020-02-02,454
blue,2020-02-03,459
blue,2020-02-04,467
blue,2020-02-05,475
blue,2020-02-06,481
blue,2020-02-07,487
blue,2020-02-08,485
blue,2020-02-09,482
blue,2020-02-10,484
blue,2020-02-11,488
blue,2020-02-12,490
blue,2020-02-13,494
blue,2020-02-14,497
blue,2020-02-15,505
blue,2020-02-16,509
blue,2020-02-17,502
blue,2020-02-18,509
blue,2020-02-19,505
blue,2020-02-20,496
blue,2020-02-21,488
blue,2020-02-22,495
blue,2020-02-23,500
blue,2020-02-24,509
blue,2020-02-25,506
blue,2020-02-26,507
blue,2020-02-27,515
blue,2020-02-28,523
blue,2020-02-29,532
blue,2020-03-01,536
blue,2020-03-02,545
blue,2020-03-03,552
blue,2020-03-04,548
blue,2020-03-05,544
blue,2020-03-06,542
blue,2020-03-07,543
blue,2020-03-08,536
blue,2020-03-09,544
blue,2020-03-10,546
blue,2020-03-11,539
blue,2020-03-12,537
blue,2020-03-13,538
blue,2020-03-14,533
blue,2020-03-15,538
blue,2020-03-16,545
blue,2020-03-17,548
blue,2020-03-18,549
blue,2020-03-19,555
blue,2020-03-20,553
blue,2020-03-21,562
blue,2020-03-22,563
blue,2020-03-23,561
blue,2020-03-24,558
blue,2020-03-25,562
blue,2020-03-26,567
blue,2020-03-27,572
blue,2020-03-28,582
blue,2020-03-29,574
blue,2020-03-30,574
blue,2020-03-31,580
blue,2020-04-01,575
blue,2020-04-02,577
blue,2020-04-03,578
blue,2020-04-04,585
blue,2020-04-05,578
blue,2020-04-06,581
blue,2020-04-07,573
blue,2020-04-08,567
blue,2020-04-09,565
blue,2020-04-10,557
blue,2020-04-11,556
blue,2020-04-12,561
blue,2020-04-13,563
blue,2020-04-14,566
blue,2020-04-15,570
blue,2020-04-16,569
blue,2020-04-17,563
blue,2020-04-18,555
blue,2020-04-19,558
blue,2020-04-20,552
blue,2020-04-21,550
blue,2020-04-22,557
blue,2020-04-23,563
blue,2020-04-24,564
blue,2020-04-25,571
blue,2020-04-26,573
blue,2020-04-27,573
blue,2020-04-28,566
blue,2020-04-29,573
blue,2020-04-30,568
blue,2020-05-01,576
blue,2020-05-02,583
blue,2020-05-03,585
blue,2020-05-04,579
blue,2020-05-05,575
blue,2020-05-06,573
blue,2020-05-07,571
blue,2020-05-08,566
blue,2020-05-09,569
blue,2020-05-10,570
blue,2020-05-11,569
blue,2020-05-12,560
blue,2020-05-13,556
blue,2020-05-14,556
blue,2020-05-15,551
blue,2020-05-16,544
blue,2020-05-17,534
blue,2020-05-18,524
blue,2020-05-19,515
blue,2020-05-20,511
blue,2020-05-21,504
blue,2020-05-22,502
blue,2020-05-23,505
blue,2020-05-24,515
blue,2020-05-25,524
blue,2020-05-26,527
blue,2020-05-27,527
blue,2020-05-28,522
blue,2020-05-29,525
blue,2020-05-30,533
blue,2020-05-31,537
blue,2020-06-01,540
blue,2020-06-02,536
blue,2020-06-03,535
blue,2020-06-04,545
blue,2020-06-05,546
blue,2020-06-06,547
blue,2020-06-07,551
blue,2020-06-08,546
blue,2020-06-09,545
blue,2020-06-10,548
blue,2020-06-11,546
blue,2020-06-12,555
blue,2020-06-13,565
blue,2020-06-14,573
blue,2020-06-15,568
blue,2020-06-16,558
blue,2020-06-17,555
blue,2020-06-18,560
blue,2020-06-19,561
blue,2020-06-20,569
blue,2020-06-21,570
blue,2020-06-22,568
blue,2020-06-23,571
blue,2020-06-24,565
blue,2020-06-25,562
blue,2020-06-26,569
blue,2020-06-27,561
blue,2020-06-28,557
blue,2020-06-29,552
blue,2020-06-30,550
blue,2020-07-01,542
blue,2020-07-02,543
blue,2020-07-03,548
blue,2020-07-04,558
blue,2020-07-05,567
blue,2020-07-06,566
blue,2020-07-07,558
blue,2020-07-08,548
blue,2020-07-09,543
blue,2020-07-10,538
blue,2020-07-11,544
blue,2020-07-12,545
blue,2020-07-13,541
blue,2020-07-14,551
blue,2020-07-15,557
blue,2020-07-16,547
blue,2020-07-17,550
blue,2020-07-18,540
blue,2020-07-19,530
blue,2020-07-20,523
blue,2020-07-21,517
blue,2020-07-22,524
blue,2020-07-23,520
blue,2020-07-24,515
blue,2020-07-25,513
blue,2020-07-26,504
blue,2020-07-27,506
blue,2020-07-28,515
blue,2020-07-29,519
blue,2020-07-30,516
blue,2020-07-31,508
blue,2020-08-01,499
blue,2020-08-02,494
blue,2020-08-03,504
blue,2020-08-04,504
blue,2020-08-05,494
blue,2020-08-06,488
blue,2020-08-07,490
blue,2020-08-08,484
blue,2020-08-09,487
blue,2020-08-10,492
blue,2020-08-11,484
blue,2020-08-12,494
blue,2020-08-13,497
blue,2020-08-14,494
blue,2020-08-15,485
blue,2020-08-16,488
blue,2020-08-17,488
blue,2020-08-18,494
blue,2020-08-19,487
blue,2020-08-20,490
blue,2020-08-21,491
blue,2020-08-22,491
blue,2020-08-23,482
blue,2020-08-24,489
blue,2020-08-25,497
blue,2020-08-26,502
blue,2020-08-27,493
blue,2020-08-28,495
blue,2020-08-29,492
blue,2020-08-30,497
blue,2020-08-31,503
blue,2020-09-01,494
blue,2020-09-02,488
blue,2020-09-03,488
blue,2020-09-04,489
blue,2020-09-05,480
blue,2020-09-06,473
blue,2020-09-07,483
blue,2020-09-08,478
blue,2020-09-09,487
blue,2020-09-10,481
blue,2020-09-11,479
blue,2020-09-12,474
blue,2020-09-13,478
blue,2020-09-14,477
blue,2020-09-15,484
blue,2020-09-16,475
blue,2020-09-17,471
blue,2020-09-18,466
blue,2020-09-19,461
blue,2020-09-20,462
blue,2020-09-21,461
blue,2020-09-22,454
blue,2020-09-23,464
blue,2020-09-24,471
blue,2020-09-25,479
blue,2020-09-26,472
blue,2020-09-27,463
blue,2020-09-28,454
blue,2020-09-29,445
blue,2020-09-30,444
blue,2020-10-01,438
blue,2020-10-02,447
blue,2020-10-03,452
blue,2020-10-04,448
blue,2020-10-05,457
blue,2020-10-06,456
blue,2020-10-07,459
blue,2020-10-08,464
blue,2020-10-09,456
blue,2020-10-10,457
blue,2020-10-11,460
blue,2020-10-12,466
blue,2020-10-13,466
blue,2020-10-14,474
blue,2020-10-15,480
blue,2020-10-16,487
blue,2020-10-17,480
blue,2020-10-18,479
blue,2020-10-19,471
blue,2020-10-20,473
blue,2020-10-21,472
blue,2020-10-22,468
blue,2020-10-23,467
blue,2020-10-24,462
blue,2020-10-25,458
blue,2020-10-26,466
blue,2020-10-27,471
blue,2020-10-28,473
blue,2020-10-29,471
blue,2020-10-30,472
blue,2020-10-31,468
blue,2020-11-01,461
blue,2020-11-02,454
blue,2020-11-03,455
blue,2020-11-04,459
blue,2020-11-05,469
blue,2020-11-06,476
blue,2020-11-07,472
blue,2020-11-08,480
blue,2020-11-09,475
blue,2020-11-10,465
blue,2020-11-11,465
blue,2020-11-12,458
blue,2020-11-13,448
blue,2020-11-14,458
blue,2020-11-15,455
blue,2020-11-16,456
blue,2020-11-17,462
blue,2020-11-18,457
blue,2020-11-19,454
blue,2020-11-20,453
blue,2020-11-21,448
blue,2020-11-22,440
blue,2020-11-23,447
blue,2020-11-24,449
blue,2020-11-25,440
blue,2020-11-26,440
blue,2020-11-27,442
blue,2020-11-28,446
blue,2020-11-29,439
blue,2020-11-30,449
blue,2020-12-01,439
blue,2020-12-02,445
blue,2020-12-03,454
blue,2020-12-04,448
blue,2020-12-05,449
blue,2020-12-06,448
blue,2020-12-07,446
blue,2020-12-08,442
blue,2020-12-09,447
blue,2020-12-10,451
blue,2020-12-11,441
blue,2020-12-12,440
blue,2020-12-13,434
blue,2020-12-14,444
blue,2020-12-15,440
blue,2020-12-16,439
blue,2020-12-17,430
blue,2020-12-18,428
blue,2020-12-19,424
blue,2020-12-20,421
blue,2020-12-21,430
blue,2020-12-22,437
blue,2020-12-23,427
blue,2020-12-24,419
blue,2020-12-25,427
blue,2020-12-26,435
blue,2020-12-27,432
blue,2020-12-28,433
blue,2020-12-29,439
blue,2020-12-30,449
blue,2020-12-31,443
blue,2021-01-01,451
blue,2021-01-02,457
blue,2021-01-03,454
blue,2021-01-04,460
blue,2021-01-05,463
blue,2021-01-06,453
blue,2021-01-07,447
blue,2021-01-08,454
blue,2021-01-09,450
blue,2021-01-10,445
blue,2021-01-11,445
blue,2021-01-12,442
blue,2021-01-13,437
blue,2021-01-14,429
blue,2021-01-15,429
blue,2021-01-16,427
blue,2021-01-17,425
blue,2021-01-18,420
blue,2021-01-19,412
blue,2021-01-20,414
blue,2021-01-21,404
blue,2021-01-22,398
blue,2021-01-23,389
blue,2021-01-24,392
blue,2021-01-25,391
blue,2021-01-26,390
blue,2021-01-27,387
blue,2021-01-28,393
blue,2021-01-29,401
blue,2021-01-30,407
blue,2021-01-31,407
blue,2021-02-01,399
blue,2021-02-02,394
blue,2021-02-03,388
blue,2021-02-04,393
blue,2021-02-05,401
blue,2021-02-06,396
blue,2021-02-07,395
blue,2021-02-08,386
blue,2021-02-09,388
blue,2021-02-10,381
blue,2021-02-11,379
blue,2021-02-12,370
blue,2021-02-13,380
blue,2021-02-14,382
blue,2021-02-15,379
blue,2021-02-16,379
blue,2021-02-17,371
blue,2021-02-18,371
blue,2021-02-19,375
blue,2021-02-20,383
blue,2021-02-21,381
blue,2021-02-22,381
blue,2021-02-23,377
blue,2021-02-24,379
blue,2021-02-25,374
blue,2021-02-26,370
blue,2021-02-27,380
blue,2021-02-28,381
blue,2021-03-01,371
blue,2021-03-02,367
blue,2021-03-03,377
blue,2021-03-04,368
blue,2021-03-05,371
blue,2021-03-06,362
blue,2021-03-07,371
blue,2021-03-08,371
blue,2021-03-09,376
blue,2021-03-10,368
blue,2021-03-11,370
blue,2021-03-12,365
blue,2021-03-13,365
blue,2021-03-14,372
blue,2021-03-15,379
blue,2021-03-16,382
blue,2021-03-17,392
blue,2021-03-18,382
blue,2021-03-19,385
blue,2021-03-20,395
blue,2021-03-21,398
blue,2021-03-22,392
blue,2021-03-23,398
blue,2021-03-24,389
blue,2021-03-25,380
blue,2021-03-26,380
blue,2021-03-27,378
blue,2021-03-28,379
blue,2021-03-29,389
blue,2021-03-30,397
blue,2021-03-31,406
blue,2021-04-01,410
blue,2021-04-02,400
blue,2021-04-03,393
blue,2021-04-04,393
blue,2021-04-05,390
blue,2021-04-06,388
blue,2021-04-07,381
blue,2021-04-08,389
blue,2021-04-09,388
blue,2021-04-10,385
blue,2021-04-11,389
blue,2021-04-12,385
blue,2021-04-13,379
blue,2021-04-14,377
blue,2021-04-15,371
blue,2021-04-16,365
blue,2021-04-17,358
blue,2021-04-18,348
blue,2021-04-19,342
blue,2021-04-20,336
blue,2021-04-21,334
blue,2021-04-22,339
blue,2021-04-23,341
blue,2021-04-24,345
blue,2021-04-25,344
blue,2021-04-26,348
blue,2021-04-27,342
blue,2021-04-28,335
blue,2021-04-29,330
blue,2021-04-30,331
blue,2021-05-01,327
blue,2021-05-02,318
blue,2021-05-03,328
blue,2021-05-04,333
blue,2021-05-05,324
blue,2021-05-06,318
blue,2021-05-07,328
blue,2021-05-08,325
blue,2021-05-09,332
blue,2021-05-10,330
blue,2021-05-11,336
blue,2021-05-12,338
blue,2021-05-13,348
blue,2021-05-14,347
blue,2021-05-15,354
blue,2021-05-16,357
blue,2021-05-17,352
blue,2021-05-18,342
blue,2021-05-19,346
blue,2021-05-20,336
blue,2021-05-21,336
blue,2021-05-22,336
blue,2021-05-23,336
blue,2021-05-24,337
blue,2021-05-25,346
blue,2021-05-26,356
blue,2021-05-27,346
blue,2021-05-28,354
blue,2021-05-29,351
blue,2021-05-30,360
blue,2021-05-31,361
blue,2021-06-01,354
blue,2021-06-02,358
blue,2021-06-03,349
blue,2021-06-04,342
blue,2021-06-05,344
blue,2021-06-06,335
blue,2021-06-07,325
blue,2021-06-08,321
blue,2021-06-09,319
blue,2021-06-10,318
blue,2021-06-11,308
blue,2021-06-12,312
blue,2021-06-13,321
blue,2021-06-14,319
blue,2021-06-15,314
blue,2021-06-16,309
blue,2021-06-17,312
blue,2021-06-18,319
blue,2021-06-19,311
blue,2021-06-20,309
blue,2021-06-21,313
blue,2021-06-22,321
blue,2021-06-23,323
blue,2021-06-24,331
blue,2021-06-25,336
blue,2021-06-26,334
blue,2021-06-27,324
blue,2021-06-28,328
blue,2021-06-29,320
blue,2021-06-30,321
blue,2021-07-01,331
blue,2021-07-02,328
blue,2021-07-03,318
blue,2021-07-04,322
blue,2021-07-05,331
blue,2021-07-06,330
blue,2021-07-07,322
blue,2021-07-08,315
blue,2021-07-09,305
blue,2021-07-10,299
blue,2021-07-11,305
blue,2021-07-12,303
blue,2021-07-13,298
blue,2021-07-14,288
blue,2021-07-15,292
blue,2021-07-16,282
blue,2021-07-17,275
blue,2021-07-18,272
blue,2021-07-19,267
blue,2021-07-20,259
blue,2021-07-21,255
blue,2021-07-22,253
blue,2021-07-23,244
blue,2021-07-24,234
blue,2021-07-25,240
blue,2021-07-26,239
blue,2021-07-27,249
blue,2021-07-28,242
blue,2021-07-29,234
blue,2021-07-30,241
blue,2021-07-31,236
blue,2021-08-01,243
blue,2021-08-02,251
blue,2021-08-03,261
blue,2021-08-04,254
blue,2021-08-05,255
blue,2021-08-06,259
blue,2021-08-07,264
blue,2021-08-08,263
blue,2021-08-09,253
blue,2021-08-10,260
blue,2021-08-11,260
blue,2021-08-12,259
blue,2021-08-13,257
blue,2021-08-14,260
blue,2021-08-15,255
blue,2021-08-16,264
blue,2021-08-17,259
blue,2021-08-18,254
blue,2021-08-19,251
blue,2021-08-20,251
blue,2021-08-21,258
blue,2021-08-22,259
blue,2021-08-23,267
blue,2021-08-24,261
blue,2021-08-25,261
blue,2021-08-26,269
blue,2021-08-27,275
blue,2021-08-28,268
blue,2021-08-29,259
blue,2021-08-30,249
blue,2021-08-31,242
blue,2021-09-01,240
blue,2021-09-02,240
blue,2021-09-03,237
blue,2021-09-04,246
blue,2021-09-05,252
blue,2021-09-06,252
blue,2021-09-07,248
blue,2021-09-08,240
blue,2021-09-09,245
blue,2021-09-10,252
blue,2021-09-11,257
blue,2021-09-12,255
blue,2021-09-13,245
blue,2021-09-14,246
blue,2021-09-15,254
blue,2021-09-16,260
blue,2021-09-17,255
blue,2021-09-18,260
blue,2021-09-19,265
blue,2021-09-20,257
blue,2021-09-21,261
blue,2021-09-22,257
blue,2021-09-23,259
blue,2021-09-24,268
blue,2021-09-25,276
blue,2021-09-26,283
blue,2021-09-27,277
blue,2021-09-28,267
blue,2021-09-29,265
blue,2021-09-30,268
blue,2021-10-01,262
blue,2021-10-02,252
blue,2021-10-03,258
blue,2021-10-04,268
blue,2021-10-05,267
blue,2021-10-06,269
blue,2021-10-07,276
blue,2021-10-08,284
blue,2021-10-09,279
blue,2021-10-10,282
blue,2021-10-11,283
blue,2021-10-12,283
blue,2021-10-13,273
blue,2021-10-14,264
blue,2021-10-15,270
blue,2021-10-16,276
blue,2021-10-17,272
blue,2021-10-18,264
blue,2021-10-19,265
blue,2021-10-20,258
blue,2021-10-21,251
blue,2021-10-22,246
blue,2021-10-23,249
blue,2021-10-24,241
blue,2021-10-25,236
blue,2021-10-26,234
blue,2021-10-27,227
blue,2021-10-28,228
blue,2021-10-29,234
blue,2021-10-30,229
blue,2021-10-31,219
blue,2021-11-01,209
blue,2021-11-02,208
blue,2021-11-03,211
blue,2021-11-04,204
blue,2021-11-05,213
blue,2021-11-06,206
blue,2021-11-07,196
blue,2021-11-08,200
blue,2021-11-09,194
blue,2021-11-10,187
blue,2021-11-11,183
blue,2021-11-12,174
blue,2021-11-13,172
blue,2021-11-14,174
blue,2021-11-15,178
blue,2021-11-16,178
blue,2021-11-17,177
blue,2021-11-18,182
blue,2021-11-19,173
blue,2021-11-20,170
blue,2021-11-21,161
blue,2021-11-22,159
blue,2021-11-23,168
blue,2021-11-24,167
blue,2021-11-25,157
blue,2021-11-26,167
blue,2021-11-27,177
blue,2021-11-28,168
blue,2021-11-29,178
blue,2021-11-30,176
blue,2021-12-01,177
blue,2021-12-02,179
blue,2021-12-03,179
blue,2021-12-04,186
blue,2021-12-05,189
blue,2021-12-06,186
blue,2021-12-07,181
blue,2021-12-08,187
blue,2021-12-09,177
blue,2021-12-10,175
blue,2021-12-11,175
blue,2021-12-12,181
blue,2021-12-13,188
blue,2021-12-14,192
blue,2021-12-15,195
blue,2021-12-16,191
blue,2021-12-17,199
blue,2021-12-18,191
blue,2021-12-19,198
blue,2021-12-20,188
blue,2021-12-21,189
blue,2021-12-22,186
blue,2021-12-23,188
blue,2021-12-24,182
blue,2021-12-25,183
blue,2021-12-26,177
blue,2021-12-27,172
blue,2021-12-28,176
blue,2021-12-29,182
blue,2021-12-30,179
blue,2021-12-31,172
blue,2022-01-01,165
blue,2022-01-02,170
blue,2022-01-03,174
blue,2022-01-04,179
blue,2022-01-05,169
blue,2022-01-06,174
blue,2022-01-07,179
blue,2022-01-08,173
blue,2022-01-09,182
blue,2022-01-10,186
blue,2022-01-11,185
blue,2022-01-12,178
blue,2022-01-13,170
blue,2022-01-14,177
blue,2022-01-15,175
blue,2022-01-16,185
blue,2022-01-17,192
blue,2022-01-18,195
blue,2022-01-19,186
blue,2022-01-20,180
blue,2022-01-21,187
blue,2022-01-22,180
blue,2022-01-23,181
blue,2022-01-24,183
blue,2022-01-25,179
blue,2022-01-26,185
blue,2022-01-27,180
blue,2022-01-28,170
blue,2022-01-29,171
blue,2022-01-30,181
blue,2022-01-31,171
blue,2022-02-01,166
blue,2022-02-02,168
blue,2022-02-03,167
blue,2022-02-04,177
blue,2022-02-05,176
blue,2022-02-06,173
blue,2022-02-07,176
blue,2022-02-08,175
blue,2022-02-09,173
blue,2022-02-10,171
blue,2022-02-11,181
blue,2022-02-12,171
blue,2022-02-13,172
blue,2022-02-14,174
blue,2022-02-15,170
blue,2022-02-16,177
blue,2022-02-17,182
blue,2022-02-18,177
blue,2022-02-19,176
blue,2022-02-20,181
blue,2022-02-21,181
blue,2022-02-22,178
blue,2022-02-23,185
blue,2022-02-24,192
blue,2022-02-25,197
blue,2022-02-26,189
blue,2022-02-27,195
blue,2022-02-28,205
blue,2022-03-01,202
blue,2022-03-02,195
blue,2022-03-03,189
blue,2022-03-04,191
blue,2022-03-05,196
blue,2022-03-06,198
blue,2022-03-07,204
blue,2022-03-08,202
blue,2022-03-09,198
blue,2022-03-10,206
blue,2022-03-11,203
blue,2022-03-12,205
blue,2022-03-13,195
blue,2022-03-14,197
blue,2022-03-15,196
blue,2022-03-16,202
blue,2022-03-17,206
blue,2022-03-18,198
blue,2022-03-19,193
blue,2022-03-20,197
blue,2022-03-21,207
blue,2022-03-22,211
blue,2022-03-23,206
blue,2022-03-24,203
blue,2022-03-25,202
blue,2022-03-26,206
blue,2022-03-27,201
blue,2022-03-28,201
blue,2022-03-29,193
blue,2022-03-30,189
blue,2022-03-31,195
blue,2022-04-01,199
blue,2022-04-02,199
blue,2022-04-03,208
blue,2022-04-04,218
blue,2022-04-05,212
blue,2022-04-06,202
blue,2022-04-07,197
blue,2022-04-08,204
blue,2022-04-09,214
blue,2022-04-10,206
blue,2022-04-11,207
blue,2022-04-12,198
blue,2022-04-13,201
blue,2022-04-14,199
blue,2022-04-15,209
blue,2022-04-16,216
blue,2022-04-17,209
blue,2022-04-18,201
blue,2022-04-19,209
blue,2022-04-20,202
blue,2022-04-21,206
blue,2022-04-22,201
blue,2022-04-23,211
blue,2022-04-24,210
blue,2022-04-25,204
blue,2022-04-26,203
blue,2022-04-27,193
blue,2022-04-28,183
blue,2022-04-29,186
blue,2022-04-30,179
blue,2022-05-01,171
blue,2022-05-02,163
blue,2022-05-03,162
blue,2022-05-04,158
blue,2022-05-05,167
blue,2022-05-06,166
blue,2022-05-07,174
blue,2022-05-08,167
blue,2022-05-09,160
blue,2022-05-10,163
blue,2022-05-11,162
blue,2022-05-12,156
blue,2022-05-13,160
blue,2022-05-14,150
blue,2022-05-15,158
blue,2022-05-16,157
blue,2022-05-17,160
blue,2022-05-18,164
blue,2022-05-19,159
blue,2022-05-20,160
blue,2022-05-21,150
blue,2022-05-22,158
blue,2022-05-23,160
blue,2022-05-24,168
blue,2022-05-25,160
blue,2022-05-26,157
blue,2022-05-27,159
blue,2022-05-28,163
blue,2022-05-29,160
blue,2022-05-30,161
blue,2022-05-31,154
blue,2022-06-01,148
blue,2022-06-02,148
blue,2022-06-03,154
blue,2022-06-04,161
blue,2022-06-05,168
blue,2022-06-06,164
blue,2022-06-07,155
blue,2022-06-08,158
blue,2022-06-09,149
blue,2022-06-10,145
blue,2022-06-11,141
blue,2022-06-12,140
blue,2022-06-13,141
blue,2022-06-14,136
blue,2022-06-15,146
blue,2022-06-16,141
blue,2022-06-17,140
blue,2022-06-18,142
blue,2022-06-19,133
blue,2022-06-20,140
blue,2022-06-21,143
blue,2022-06-22,149
blue,2022-06-23,150
blue,2022-06-24,149
blue,2022-06-25,151
blue,2022-06-26,159
blue,2022-06-27,161
blue,2022-06-28,160
blue,2022-06-29,167
blue,2022-06-30,169
blue,2022-07-01,172
blue,2022-07-02,165
blue,2022-07-03,172
blue,2022-07-04,162
blue,2022-07-05,152
blue,2022-07-06,158
blue,2022-07-07,152
blue,2022-07-08,156
blue,2022-07-09,161
blue,2022-07-10,162
blue,2022-07-11,152
blue,2022-07-12,160
blue,2022-07-13,170
blue,2022-07-14,162
blue,2022-07-15,166
blue,2022-07-16,174
blue,2022-07-17,181
blue,2022-07-18,173
blue,2022-07-19,163
blue,2022-07-20,170
blue,2022-07-21,180
blue,2022-07-22,184
blue,2022-07-23,178
blue,2022-07-24,172
blue,2022-07-25,176
blue,2022-07-26,171
blue,2022-07-27,166
blue,2022-07-28,162
blue,2022-07-29,160
blue,2022-07-30,156
blue,2022-07-31,162
blue,2022-08-01,153
blue,2022-08-02,161
blue,2022-08-03,171
blue,2022-08-04,173
blue,2022-08-05,164
blue,2022-08-06,159
blue,2022-08-07,157
blue,2022-08-08,164
blue,2022-08-09,163
blue,2022-08-10,169
blue,2022-08-11,170
blue,2022-08-12,169
blue,2022-08-13,166
blue,2022-08-14,157
blue,2022-08-15,151
blue,2022-08-16,143
blue,2022-08-17,134
blue,2022-08-18,138
blue,2022-08-19,140
blue,2022-08-20,142
blue,2022-08-21,133
blue,2022-08-22,123
blue,2022-08-23,131
blue,2022-08-24,139
blue,2022-08-25,132
blue,2022-08-26,135
blue,2022-08-27,142
blue,2022-08-28,152
blue,2022-08-29,155
blue,2022-08-30,147
blue,2022-08-31,138
blue,2022-09-01,129
blue,2022-09-02,136
blue,2022-09-03,131
blue,2022-09-04,131
blue,2022-09-05,140
blue,2022-09-06,130
blue,2022-09-07,120
blue,2022-09-08,129
blue,2022-09-09,128
blue,2022-09-10,135
blue,2022-09-11,130
blue,2022-09-12,127
blue,2022-09-13,119
blue,2022-09-14,111
blue,2022-09-15,101
blue,2022-09-16,99
blue,2022-09-17,94
blue,2022-09-18,93
blue,2022-09-19,101
blue,2022-09-20,107
blue,2022-09-21,113
blue,2022-09-22,116
blue,2022-09-23,122
blue,2022-09-24,116
blue,2022-09-25,122
blue,2022-09-26,112
blue,2022-09-27,122
blue,2022-09-28,117
blue,2022-09-29,118
blue,2022-09-30,124
blue,2022-10-01,127
blue,2022-10-02,125
blue,2022-10-03,120
blue,2022-10-04,128
blue,2022-10-05,118
blue,2022-10-06,123
blue,2022-10-07,113
blue,2022-10-08,114
blue,2022-10-09,112
blue,2022-10-10,119
blue,2022-10-11,112
blue,2022-10-12,111
blue,2022-10-13,101
blue,2022-10-14,100
blue,2022-10-15,101
blue,2022-10-16,94
blue,2022-10-17,100
blue,2022-10-18,101
blue,2022-10-19,106
blue,2022-10-20,116
blue,2022-10-21,112
blue,2022-10-22,111
blue,2022-10-23,115
blue,2022-10-24,119
blue,2022-10-25,119
blue,2022-10-26,117
blue,2022-10-27,113
blue,2022-10-28,122
blue,2022-10-29,127
blue,2022-10-30,123
blue,2022-10-31,115
blue,2022-11-01,117
blue,2022-11-02,123
blue,2022-11-03,120
blue,2022-11-04,123
blue,2022-11-05,113
blue,2022-11-06,113
blue,2022-11-07,109
blue,2022-11-08,99
blue,2022-11-09,108
blue,2022-11-10,107
blue,2022-11-11,115
blue,2022-11-12,109
blue,2022-11-13,110
blue,2022-11-14,109
blue,2022-11-15,106
blue,2022-11-16,114
blue,2022-11-17,122
blue,2022-11-18,128
blue,2022-11-19,128
blue,2022-11-20,131
blue,2022-11-21,130
blue,2022-11-22,133
blue,2022-11-23,137
blue,2022-11-24,138
blue,2022-11-25,148
blue,2022-11-26,153
blue,2022-11-27,151
blue,2022-11-28,149
blue,2022-11-29,157
blue,2022-11-30,148
blue,2022-12-01,151
blue,2022-12-02,151
blue,2022-12-03,158
blue,2022-12-04,165
blue,2022-12-05,170
blue,2022-12-06,165
blue,2022-12-07,175
blue,2022-12-08,184
blue,2022-12-09,188
blue,2022-12-10,193
blue,2022-12-11,193
blue,2022-12-12,203
blue,2022-12-13,195
blue,2022-12-14,192
blue,2022-12-15,199
blue,2022-12-16,206
blue,2022-12-17,212
blue,2022-12-18,211
blue,2022-12-19,217
blue,2022-12-20,226
blue,2022-12-21,233
blue,2022-12-22,223
blue,2022-12-23,219
blue,2022-12-24,221
blue,2022-12-25,229
blue,2022-12-26,229
blue,2022-12-27,236
blue,2022-12-28,240
blue,2022-12-29,245
blue,2022-12-30,241
blue,2022-12-31,238
blue,2023-01-01,247
blue,2023-01-02,242
blue,2023-01-03,244
blue,2023-01-04,253
blue,2023-01-05,259
blue,2023-01-06,250
blue,2023-01-07,241
blue,2023-01-08,235
blue,2023-01-09,233
blue,2023-01-10,241
blue,2023-01-11,234
blue,2023-01-12,226
blue,2023-01-13,229
blue,2023-01-14,230
blue,2023-01-15,226
blue,2023-01-16,224
blue,2023-01-17,231
blue,2023-01-18,240
blue,2023-01-19,244
blue,2023-01-20,250
blue,2023-01-21,253
blue,2023-01-22,243
blue,2023-01-23,236
blue,2023-01-24,244
blue,2023-01-25,254
blue,2023-01-26,260
blue,2023-01-27,267
blue,2023-01-28,271
blue,2023-01-29,268
blue,2023-01-30,263
blue,2023-01-31,258
blue,2023-02-01,266
blue,2023-02-02,256
blue,2023-02-03,265
blue,2023-02-04,267
blue,2023-02-05,259
blue,2023-02-06,253
blue,2023-02-07,256
blue,2023-02-08,265
blue,2023-02-09,269
blue,2023-02-10,269
blue,2023-02-11,261
blue,2023-02-12,269
blue,2023-02-13,275
blue,2023-02-14,275
blue,2023-02-15,267
blue,2023-02-16,268
blue,2023-02-17,263
blue,2023-02-18,257
blue,2023-02-19,267
blue,2023-02-20,263
blue,2023-02-21,269
blue,2023-02-22,259
blue,2023-02-23,260
blue,2023-02-24,265
blue,2023-02-25,262
blue,2023-02-26,255
blue,2023-02-27,253
blue,2023-02-28,256
blue,2023-03-01,266
blue,2023-03-02,274
blue,2023-03-03,270
blue,2023-03-04,274
blue,2023-03-05,264
blue,2023-03-06,272
blue,2023-03-07,278
blue,2023-03-08,287
blue,2023-03-09,292
blue,2023-03-10,296
blue,2023-03-11,293
blue,2023-03-12,286
blue,2023-03-13,283
blue,2023-03-14,275
blue,2023-03-15,281
blue,2023-03-16,290
blue,2023-03-17,295
blue,2023-03-18,288
blue,2023-03-19,284
blue,2023-03-20,289
blue,2023-03-21,282
blue,2023-03-22,281
blue,2023-03-23,275
blue,2023-03-24,275
blue,2023-03-25,274
blue,2023-03-26,264
blue,2023-03-27,264
blue,2023-03-28,263
blue,2023-03-29,262
blue,2023-03-30,266
blue,2023-03-31,256
blue,2023-04-01,253
blue,2023-04-02,249
blue,2023-04-03,242
blue,2023-04-04,251
blue,2023-04-05,257
blue,2023-04-06,266
blue,2023-04-07,257
blue,2023-04-08,251
blue,2023-04-09,254
blue,2023-04-10,255
blue,2023-04-11,262
blue,2023-04-12,263
blue,2023-04-13,268
blue,2023-04-14,266
blue,2023-04-15,262
blue,2023-04-16,263
blue,2023-04-17,253
blue,2023-04-18,252
blue,2023-04-19,259
blue,2023-04-20,252
blue,2023-04-21,254
blue,2023-04-22,249
blue,2023-04-23,246
blue,2023-04-24,239
blue,2023-04-25,241
blue,2023-04-26,251
blue,2023-04-27,259
blue,2023-04-28,251
blue,2023-04-29,257
blue,2023-04-30,247
blue,2023-05-01,239
blue,2023-05-02,242
blue,2023-05-03,236
blue,2023-05-04,237
blue,2023-05-05,227
blue,2023-05-06,226
blue,2023-05-07,224
blue,2023-05-08,220
blue,2023-05-09,212
blue,2023-05-10,214
blue,2023-05-11,206
blue,2023-05-12,198
blue,2023-05-13,207
blue,2023-05-14,198
blue,2023-05-15,189
blue,2023-05-16,191
blue,2023-05-17,182
blue,2023-05-18,182
blue,2023-05-19,181
blue,2023-05-20,177
blue,2023-05-21,174
blue,2023-05-22,168
blue,2023-05-23,178
blue,2023-05-24,185
blue,2023-05-25,191
blue,2023-05-26,186
blue,2023-05-27,184
blue,2023-05-28,184
blue,2023-05-29,174
blue,2023-05-30,166
blue,2023-05-31,172
blue,2023-06-01,169
blue,2023-06-02,177
blue,2023-06-03,175
blue,2023-06-04,165
blue,2023-06-05,162
blue,2023-06-06,167
blue,2023-06-07,162
blue,2023-06-08,170
blue,2023-06-09,166
blue,2023-06-10,156
blue,2023-06-11,166
blue,2023-06-12,156
blue,2023-06-13,156
blue,2023-06-14,154
blue,2023-06-15,149
blue,2023-06-16,154
blue,2023-06-17,147
blue,2023-06-18,149
blue,2023-06-19,141
blue,2023-06-20,150
blue,2023-06-21,158
blue,2023-06-22,151
blue,2023-06-23,147
blue,2023-06-24,140
blue,2023-06-25,132
blue,2023-06-26,142
blue,2023-06-27,148
blue,2023-06-28,154
blue,2023-06-29,147
blue,2023-06-30,151
blue,2023-07-01,153
blue,2023-07-02,147
blue,2023-07-03,141
blue,2023-07-04,134
blue,2023-07-05,134
blue,2023-07-06,140
blue,2023-07-07,130
blue,2023-07-08,122
blue,2023-07-09,114
blue,2023-07-10,119
blue,2023-07-11,119
blue,2023-07-12,127
blue,2023-07-13,121
blue,2023-07-14,131
blue,2023-07-15,127
blue,2023-07-16,137
blue,2023-07-17,132
blue,2023-07-18,134
blue,2023-07-19,132
blue,2023-07-20,138
blue,2023-07-21,143
blue,2023-07-22,138
blue,2023-07-23,130
blue,2023-07-24,132
blue,2023-07-25,139
blue,2023-07-26,137
blue,2023-07-27,141
blue,2023-07-28,131
blue,2023-07-29,133
blue,2023-07-30,139
blue,2023-07-31,130
blue,2023-08-01,140
blue,2023-08-02,146
blue,2023-08-03,145
blue,2023-08-04,142
blue,2023-08-05,138
blue,2023-08-06,141
blue,2023-08-07,140
blue,2023-08-08,148
blue,2023-08-09,141
blue,2023-08-10,138
blue,2023-08-11,135
blue,2023-08-12,145
blue,2023-08-13,154
blue,2023-08-14,160
blue,2023-08-15,156
blue,2023-08-16,148
blue,2023-08-17,158
blue,2023-08-18,168
blue,2023-08-19,175
blue,2023-08-20,182
blue,2023-08-21,185
blue,2023-08-22,185
blue,2023-08-23,190
blue,2023-08-24,194
blue,2023-08-25,199
blue,2023-08-26,194
blue,2023-08-27,203
blue,2023-08-28,203
blue,2023-08-29,201
blue,2023-08-30,204
blue,2023-08-31,204
blue,2023-09-01,212
blue,2023-09-02,210
blue,2023-09-03,202
blue,2023-09-04,199
blue,2023-09-05,208
blue,2023-09-06,205
blue,2023-09-07,201
blue,2023-09-08,203
blue,2023-09-09,194
blue,2023-09-10,195
blue,2023-09-11,189
blue,2023-09-12,183
blue,2023-09-13,174
blue,2023-09-14,170
blue,2023-09-15,173
blue,2023-09-16,171
blue,2023-09-17,171
blue,2023-09-18,181
blue,2023-09-19,178
blue,2023-09-20,183
blue,2023-09-21,184
blue,2023-09-22,194
blue,2023-09-23,197
blue,2023-09-24,188
blue,2023-09-25,178
blue,2023-09-26,171
blue,2023-09-27,167
blue,2023-09-28,175
blue,2023-09-29,180
blue,2023-09-30,183
blue,2023-10-01,192
blue,2023-10-02,182
blue,2023-10-03,186
blue,2023-10-04,177
blue,2023-10-05,187
blue,2023-10-06,195
blue,2023-10-07,187
blue,2023-10-08,189
blue,2023-10-09,184
blue,2023-10-10,191
red,2020-01-01,255
red,2020-01-02,246
red,2020-01-03,238
red,2020-01-04,235
red,2020-01-05,245
red,2020-01-06,244
red,2020-01-07,253
red,2020-01-08,243
red,2020-01-09,243
red,2020-01-10,239
red,2020-01-11,238
red,2020-01-12,236
red,2020-01-13,244
red,2020-01-14,237
red,2020-01-15,231
red,2020-01-16,239
red,2020-01-17,232
red,2020-01-18,242
red,2020-01-19,237
red,2020-01-20,243
red,2020-01-21,248
red,2020-01-22,256
red,2020-01-23,260
red,2020-01-24,254
red,2020-01-25,261
red,2020-01-26,262
red,2020-01-27,256
red,2020-01-28,253
red,2020-01-29,260
red,2020-01-30,251
red,2020-01-31,241
red,2020-02-01,246
red,2020-02-02,241
red,2020-02-03,231
red,2020-02-04,231
red,2020-02-05,228
red,2020-02-06,236
red,2020-02-07,237
red,2020-02-08,228
red,2020-02-09,233
red,2020-02-10,231
red,2020-02-11,229
red,2020-02-12,236
red,2020-02-13,243
red,2020-02-14,233
red,2020-02-15,230
red,2020-02-16,229
red,2020-02-17,235
red,2020-02-18,226
red,2020-02-19,216
red,2020-02-20,224
red,2020-02-21,223
red,2020-02-22,214
red,2020-02-23,211
red,2020-02-24,214
red,2020-02-25,217
red,2020-02-26,209
red,2020-02-27,203
red,2020-02-28,206
red,2020-02-29,212
red,2020-03-01,213
red,2020-03-02,212
red,2020-03-03,207
red,2020-03-04,202
red,2020-03-05,199
red,2020-03-06,191
red,2020-03-07,201
red,2020-03-08,208
red,2020-03-09,205
red,2020-03-10,210
red,2020-03-11,220
red,2020-03-12,227
red,2020-03-13,228
red,2020-03-14,222
red,2020-03-15,218
red,2020-03-16,227
red,2020-03-17,232
red,2020-03-18,240
red,2020-03-19,246
red,2020-03-20,245
red,2020-03-21,245
red,2020-03-22,250
red,2020-03-23,252
red,2020-03-24,259
red,2020-03-25,252
red,2020-03-26,247
red,2020-03-27,247
red,2020-03-28,242
red,2020-03-29,232
red,2020-03-30,239
red,2020-03-31,245
red,2020-04-01,236
red,2020-04-02,238
red,2020-04-03,242
red,2020-04-04,236
red,2020-04-05,240
red,2020-04-06,238
red,2020-04-07,228
red,2020-04-08,232
red,2020-04-09,232
red,2020-04-10,224
red,2020-04-11,224
red,2020-04-12,223
red,2020-04-13,226
red,2020-04-14,221
red,2020-04-15,223
red,2020-04-16,217
red,2020-04-17,211
red,2020-04-18,206
red,2020-04-19,208
red,2020-04-20,203
red,2020-04-21,193
red,2020-04-22,186
red,2020-04-23,177
red,2020-04-24,182
red,2020-04-25,173
red,2020-04-26,173
red,2020-04-27,176
red,2020-04-28,181
red,2020-04-29,186
red,2020-04-30,191
red,2020-05-01,200
red,2020-05-02,201
red,2020-05-03,198
red,2020-05-04,199
red,2020-05-05,189
red,2020-05-06,189
red,2020-05-07,179
red,2020-05-08,171
red,2020-05-09,178
red,2020-05-10,168
red,2020-05-11,170
red,2020-05-12,160
red,2020-05-13,159
red,2020-05-14,167
red,2020-05-15,164
red,2020-05-16,168
red,2020-05-17,171
red,2020-05-18,177
red,2020-05-19,178
red,2020-05-20,182
red,2020-05-21,173
red,2020-05-22,177
red,2020-05-23,176
red,2020-05-24,177
red,2020-05-25,172
red,2020-05-26,167
red,2020-05-27,160
red,2020-05-28,169
red,2020-05-29,163
red,2020-05-30,165
red,2020-05-31,171
red,2020-06-01,177
red,2020-06-02,176
red,2020-06-03,172
red,2020-06-04,178
red,2020-06-05,171
red,2020-06-06,167
red,2020-06-07,169
red,2020-06-08,175
red,2020-06-09,181
red,2020-06-10,180
red,2020-06-11,189
red,2020-06-12,192
red,2020-06-13,196
red,2020-06-14,188
red,2020-06-15,198
red,2020-06-16,194
red,2020-06-17,188
red,2020-06-18,192
red,2020-06-19,193
red,2020-06-20,187
red,2020-06-21,185
red,2020-06-22,187
red,2020-06-23,182
red,2020-06-24,175
red,2020-06-25,168
red,2020-06-26,170
red,2020-06-27,177
red,2020-06-28,182
red,2020-06-29,177
red,2020-06-30,186
red,2020-07-01,193
red,2020-07-02,201
red,2020-07-03,191
red,2020-07-04,198
red,2020-07-05,205
red,2020-07-06,203
red,2020-07-07,193
red,2020-07-08,192
red,2020-07-09,182
red,2020-07-10,183
red,2020-07-11,193
red,2020-07-12,183
red,2020-07-13,190
red,2020-07-14,186
red,2020-07-15,190
red,2020-07-16,198
red,2020-07-17,199
red,2020-07-18,190
red,2020-07-19,190
red,2020-07-20,185
red,2020-07-21,189
red,2020-07-22,186
red,2020-07-23,196
red,2020-07-24,204
red,2020-07-25,204
red,2020-07-26,198
red,2020-07-27,204
red,2020-07-28,209
red,2020-07-29,205
red,2020-07-30,206
red,2020-07-31,212
red,2020-08-01,219
red,2020-08-02,210
red,2020-08-03,203
red,2020-08-04,193
red,2020-08-05,187
red,2020-08-06,195
red,2020-08-07,191
red,2020-08-08,191
red,2020-08-09,192
red,2020-08-10,182
red,2020-08-11,175
red,2020-08-12,184
red,2020-08-13,181
red,2020-08-14,174
red,2020-08-15,182
red,2020-08-16,173
red,2020-08-17,175
red,2020-08-18,180
red,2020-08-19,185
red,2020-08-20,186
red,2020-08-21,180
red,2020-08-22,183
red,2020-08-23,193
red,2020-08-24,199
red,2020-08-25,192
red,2020-08-26,187
red,2020-08-27,194
red,2020-08-28,190
red,2020-08-29,182
red,2020-08-30,187
red,2020-08-31,178
red,2020-09-01,181
red,2020-09-02,175
red,2020-09-03,167
red,2020-09-04,163
red,2020-09-05,162
red,2020-09-06,157
red,2020-09-07,163
red,2020-09-08,163
red,2020-09-09,155
red,2020-09-10,156
red,2020-09-11,146
red,2020-09-12,149
red,2020-09-13,157
red,2020-09-14,149
red,2020-09-15,142
red,2020-09-16,151
red,2020-09-17,148
red,2020-09-18,158
red,2020-09-19,161
red,2020-09-20,166
red,2020-09-21,172
red,2020-09-22,174
red,2020-09-23,173
red,2020-09-24,167
red,2020-09-25,161
red,2020-09-26,161
red,2020-09-27,163
red,2020-09-28,173
red,2020-09-29,168
red,2020-09-30,178
red,2020-10-01,179
red,2020-10-02,169
red,2020-10-03,168
red,2020-10-04,169
red,2020-10-05,167
red,2020-10-06,158
red,2020-10-07,156
red,2020-10-08,155
red,2020-10-09,158
red,2020-10-10,164
red,2020-10-11,167
red,2020-10-12,164
red,2020-10-13,172
red,2020-10-14,173
red,2020-10-15,174
red,2020-10-16,184
red,2020-10-17,193
red,2020-10-18,191
red,2020-10-19,188
red,2020-10-20,194
red,2020-10-21,203
red,2020-10-22,204
red,2020-10-23,212
red,2020-10-24,210
red,2020-10-25,206
red,2020-10-26,204
red,2020-10-27,195
red,2020-10-28,198
red,2020-10-29,202
red,2020-10-30,202
red,2020-10-31,202
red,2020-11-01,212
red,2020-11-02,209
red,2020-11-03,219
red,2020-11-04,229
red,2020-11-05,225
red,2020-11-06,216
red,2020-11-07,214
red,2020-11-08,210
red,2020-11-09,200
red,2020-11-10,201
red,2020-11-11,204
red,2020-11-12,212
red,2020-11-13,210
red,2020-11-14,219
red,2020-11-15,218
red,2020-11-16,209
red,2020-11-17,204
red,2020-11-18,212
red,2020-11-19,212
red,2020-11-20,221
red,2020-11-21,214
red,2020-11-22,204
red,2020-11-23,202
red,2020-11-24,192
red,2020-11-25,186
red,2020-11-26,186
red,2020-11-27,189
red,2020-11-28,189
red,2020-11-29,183
red,2020-11-30,189
red,2020-12-01,198
red,2020-12-02,200
red,2020-12-03,209
red,2020-12-04,207
red,2020-12-05,206
red,2020-12-06,206
red,2020-12-07,204
red,2020-12-08,212
red,2020-12-09,214
red,2020-12-10,213
red,2020-12-11,210
red,2020-12-12,201
red,2020-12-13,192
red,2020-12-14,192
red,2020-12-15,201
red,2020-12-16,205
red,2020-12-17,195
red,2020-12-18,205
red,2020-12-19,214
red,2020-12-20,212
red,2020-12-21,220
red,2020-12-22,225
red,2020-12-23,219
red,2020-12-24,218
red,2020-12-25,228
red,2020-12-26,234
red,2020-12-27,243
red,2020-12-28,253
red,2020-12-29,253
red,2020-12-30,260
red,2020-12-31,256
red,2021-01-01,258
red,2021-01-02,266
red,2021-01-03,268
red,2021-01-04,269
red,2021-01-05,274
red,2021-01-06,281
red,2021-01-07,287
red,2021-01-08,295
red,2021-01-09,293
red,2021-01-10,299
red,2021-01-11,307
red,2021-01-12,298
red,2021-01-13,306
red,2021-01-14,310
red,2021-01-15,302
red,2021-01-16,305
red,2021-01-17,301
red,2021-01-18,296
red,2021-01-19,286
red,2021-01-20,292
red,2021-01-21,286
red,2021-01-22,296
red,2021-01-23,303
red,2021-01-24,308
red,2021-01-25,298
red,2021-01-26,304
red,2021-01-27,298
red,2021-01-28,301
red,2021-01-29,292
red,2021-01-30,289
red,2021-01-31,281
red,2021-02-01,291
red,2021-02-02,282
red,2021-02-03,279
red,2021-02-04,275
red,2021-02-05,270
red,2021-02-06,265
red,2021-02-07,257
red,2021-02-08,265
red,2021-02-09,273
red,2021-02-10,274
red,2021-02-11,277
red,2021-02-12,279
red,2021-02-13,272
red,2021-02-14,263
red,2021-02-15,265
red,2021-02-16,258
red,2021-02-17,261
red,2021-02-18,251
red,2021-02-19,253
red,2021-02-20,262
red,2021-02-21,263
red,2021-02-22,259
red,2021-02-23,265
red,2021-02-24,265
red,2021-02-25,256
red,2021-02-26,263
red,2021-02-27,263
red,2021-02-28,270
red,2021-03-01,262
red,2021-03-02,272
red,2021-03-03,279
red,2021-03-04,277
red,2021-03-05,276
red,2021-03-06,273
red,2021-03-07,266
red,2021-03-08,274
red,2021-03-09,283
red,2021-03-10,290
red,2021-03-11,281
red,2021-03-12,290
red,2021-03-13,289
red,2021-03-14,287
red,2021-03-15,282
red,2021-03-16,290
red,2021-03-17,293
red,2021-03-18,291
red,2021-03-19,298
red,2021-03-20,295
red,2021-03-21,292
red,2021-03-22,285
red,2021-03-23,295
red,2021-03-24,303
red,2021-03-25,304
red,2021-03-26,311
red,2021-03-27,306
red,2021-03-28,307
red,2021-03-29,309
red,2021-03-30,301
red,2021-03-31,296
red,2021-04-01,298
red,2021-04-02,306
red,2021-04-03,313
red,2021-04-04,315
red,2021-04-05,322
red,2021-04-06,318
red,2021-04-07,308
red,2021-04-08,308
red,2021-04-09,317
red,2021-04-10,324
red,2021-04-11,327
red,2021-04-12,324
red,2021-04-13,328
red,2021-04-14,333
red,2021-04-15,336
red,2021-04-16,328
red,2021-04-17,323
red,2021-04-18,331
red,2021-04-19,334
red,2021-04-20,329
red,2021-04-21,319
red,2021-04-22,312
red,2021-04-23,321
red,2021-04-24,322
red,2021-04-25,328
red,2021-04-26,322
red,2021-04-27,331
red,2021-04-28,322
red,2021-04-29,316
red,2021-04-30,318
red,2021-05-01,320
red,2021-05-02,329
red,2021-05-03,321
red,2021-05-04,314
red,2021-05-05,324
red,2021-05-06,316
red,2021-05-07,320
red,2021-05-08,316
red,2021-05-09,325
red,2021-05-10,315
red,2021-05-11,321
red,2021-05-12,322
red,2021-05-13,317
red,2021-05-14,318
red,2021-05-15,328
red,2021-05-16,336
red,2021-05-17,331
red,2021-05-18,340
red,2021-05-19,339
red,2021-05-20,336
red,2021-05-21,340
red,2021-05-22,340
red,2021-05-23,341
red,2021-05-24,331
red,2021-05-25,324
red,2021-05-26,326
red,2021-05-27,334
red,2021-05-28,342
red,2021-05-29,340
red,2021-05-30,346
red,2021-05-31,346
red,2021-06-01,346
red,2021-06-02,336
red,2021-06-03,345
red,2021-06-04,342
red,2021-06-05,348
red,2021-06-06,342
red,2021-06-07,339
red,2021-06-08,349
red,2021-06-09,356
red,2021-06-10,346
red,2021-06-11,354
red,2021-06-12,357
red,2021-06-13,366
red,2021-06-14,358
red,2021-06-15,364
red,2021-06-16,361
red,2021-06-17,352
red,2021-06-18,346
red,2021-06-19,350
red,2021-06-20,359
red,2021-06-21,354
red,2021-06-22,346
red,2021-06-23,342
red,2021-06-24,344
red,2021-06-25,353
red,2021-06-26,358
red,2021-06-27,362
red,2021-06-28,370
red,2021-06-29,367
red,2021-06-30,368
red,2021-07-01,376
red,2021-07-02,381
red,2021-07-03,375
red,2021-07-04,375
red,2021-07-05,369
red,2021-07-06,360
red,2021-07-07,353
red,2021-07-08,360
red,2021-07-09,362
red,2021-07-10,369
red,2021-07-11,371
red,2021-07-12,369
red,2021-07-13,365
red,2021-07-14,361
red,2021-07-15,369
red,2021-07-16,360
red,2021-07-17,360
red,2021-07-18,351
red,2021-07-19,360
red,2021-07-20,360
red,2021-07-21,351
red,2021-07-22,358
red,2021-07-23,350
red,2021-07-24,358
red,2021-07-25,366
red,2021-07-26,376
red,2021-07-27,372
red,2021-07-28,376
red,2021-07-29,366
red,2021-07-30,365
red,2021-07-31,361
red,2021-08-01,357
red,2021-08-02,347
red,2021-08-03,346
red,2021-08-04,351
red,2021-08-05,355
red,2021-08-06,353
red,2021-08-07,357
red,2021-08-08,352
red,2021-08-09,358
red,2021-08-10,368
red,2021-08-11,372
red,2021-08-12,381
red,2021-08-13,375
red,2021-08-14,369
red,2021-08-15,367
red,2021-08-16,358
red,2021-08-17,357
red,2021-08-18,363
red,2021-08-19,357
red,2021-08-20,348
red,2021-08-21,352
red,2021-08-22,345
red,2021-08-23,339
red,2021-08-24,342
red,2021-08-25,339
red,2021-08-26,330
red,2021-08-27,334
red,2021-08-28,329
red,2021-08-29,332
red,2021-08-30,329
red,2021-08-31,321
red,2021-09-01,315
red,2021-09-02,316
red,2021-09-03,324
red,2021-09-04,319
red,2021-09-05,317
red,2021-09-06,326
red,2021-09-07,326
red,2021-09-08,324
red,2021-09-09,327
red,2021-09-10,334
red,2021-09-11,341
red,2021-09-12,340
red,2021-09-13,338
red,2021-09-14,328
red,2021-09-15,333
red,2021-09-16,329
red,2021-09-17,322
red,2021-09-18,329
red,2021-09-19,321
red,2021-09-20,326
red,2021-09-21,320
red,2021-09-22,310
red,2021-09-23,301
red,2021-09-24,296
red,2021-09-25,288
red,2021-09-26,294
red,2021-09-27,285
red,2021-09-28,287
red,2021-09-29,290
red,2021-09-30,287
red,2021-10-01,297
red,2021-10-02,295
red,2021-10-03,288
red,2021-10-04,294
red,2021-10-05,299
red,2021-10-06,295
red,2021-10-07,293
red,2021-10-08,287
red,2021-10-09,281
red,2021-10-10,290
red,2021-10-11,283
red,2021-10-12,290
red,2021-10-13,295
red,2021-10-14,299
red,2021-10-15,293
red,2021-10-16,290
red,2021-10-17,291
red,2021-10-18,287
red,2021-10-19,286
red,2021-10-20,286
red,2021-10-21,282
red,2021-10-22,291
red,2021-10-23,287
red,2021-10-24,277
red,2021-10-25,269
red,2021-10-26,263
red,2021-10-27,262
red,2021-10-28,272
red,2021-10-29,281
red,2021-10-30,290
red,2021-10-31,293
red,2021-11-01,291
red,2021-11-02,299
red,2021-11-03,295
red,2021-11-04,295
red,2021-11-05,298
red,2021-11-06,294
red,2021-11-07,298
red,2021-11-08,304
red,2021-11-09,296
red,2021-11-10,286
red,2021-11-11,284
red,2021-11-12,278
red,2021-11-13,282
red,2021-11-14,284
red,2021-11-15,282
red,2021-11-16,278
red,2021-11-17,279
red,2021-11-18,287
red,2021-11-19,291
red,2021-11-20,300
red,2021-11-21,302
red,2021-11-22,302
red,2021-11-23,307
red,2021-11-24,310
red,2021-11-25,314
red,2021-11-26,317
red,2021-11-27,307
red,2021-11-28,298
red,2021-11-29,298
red,2021-11-30,292
red,2021-12-01,286
red,2021-12-02,292
red,2021-12-03,282
red,2021-12-04,279
red,2021-12-05,275
red,2021-12-06,283
red,2021-12-07,284
red,2021-12-08,279
red,2021-12-09,278
red,2021-12-10,278
red,2021-12-11,276
red,2021-12-12,274
red,2021-12-13,266
red,2021-12-14,263
red,2021-12-15,257
red,2021-12-16,251
red,2021-12-17,251
red,2021-12-18,255
red,2021-12-19,263
red,2021-12-20,258
red,2021-12-21,251
red,2021-12-22,253
red,2021-12-23,256
red,2021-12-24,248
red,2021-12-25,249
red,2021-12-26,242
red,2021-12-27,234
red,2021-12-28,235
red,2021-12-29,235
red,2021-12-30,228
red,2021-12-31,227
red,2022-01-01,221
red,2022-01-02,221
red,2022-01-03,219
red,2022-01-04,223
red,2022-01-05,213
red,2022-01-06,218
red,2022-01-07,213
red,2022-01-08,214
red,2022-01-09,213
red,2022-01-10,210
red,2022-01-11,220
red,2022-01-12,212
red,2022-01-13,217
red,2022-01-14,218
red,2022-01-15,224
red,2022-01-16,221
red,2022-01-17,228
red,2022-01-18,220
red,2022-01-19,226
red,2022-01-20,235
red,2022-01-21,234
red,2022-01-22,230
red,2022-01-23,239
red,2022-01-24,231
red,2022-01-25,229
red,2022-01-26,220
red,2022-01-27,227
red,2022-01-28,225
red,2022-01-29,216
red,2022-01-30,215
red,2022-01-31,210
red,2022-02-01,212
red,2022-02-02,203
red,2022-02-03,209
red,2022-02-04,211
red,2022-02-05,202
red,2022-02-06,192
red,2022-02-07,192
red,2022-02-08,200
red,2022-02-09,202
red,2022-02-10,201
red,2022-02-11,201
red,2022-02-12,196
red,2022-02-13,201
red,2022-02-14,193
red,2022-02-15,202
red,2022-02-16,192
red,2022-02-17,195
red,2022-02-18,202
red,2022-02-19,209
red,2022-02-20,213
red,2022-02-21,220
red,2022-02-22,215
red,2022-02-23,205
red,2022-02-24,195
red,2022-02-25,196
red,2022-02-26,190
red,2022-02-27,185
red,2022-02-28,182
red,2022-03-01,174
red,2022-03-02,184
red,2022-03-03,189
red,2022-03-04,197
red,2022-03-05,206
red,2022-03-06,196
red,2022-03-07,187
red,2022-03-08,181
red,2022-03-09,176
red,2022-03-10,177
red,2022-03-11,168
red,2022-03-12,165
red,2022-03-13,172
red,2022-03-14,177
red,2022-03-15,178
red,2022-03-16,172
red,2022-03-17,180
red,2022-03-18,172
red,2022-03-19,175
red,2022-03-20,184
red,2022-03-21,186
red,2022-03-22,186
red,2022-03-23,185
red,2022-03-24,178
red,2022-03-25,172
red,2022-03-26,162
red,2022-03-27,155
red,2022-03-28,160
red,2022-03-29,169
red,2022-03-30,159
red,2022-03-31,156
red,2022-04-01,146
red,2022-04-02,136
red,2022-04-03,141
red,2022-04-04,139
red,2022-04-05,146
red,2022-04-06,145
red,2022-04-07,151
red,2022-04-08,160
red,2022-04-09,157
red,2022-04-10,155
red,2022-04-11,150
red,2022-04-12,144
red,2022-04-13,152
red,2022-04-14,151
red,2022-04-15,148
red,2022-04-16,152
red,2022-04-17,160
red,2022-04-18,167
red,2022-04-19,168
red,2022-04-20,169
red,2022-04-21,170
red,2022-04-22,163
red,2022-04-23,165
red,2022-04-24,168
red,2022-04-25,169
red,2022-04-26,159
red,2022-04-27,166
red,2022-04-28,164
red,2022-04-29,162
red,2022-04-30,167
red,2022-05-01,177
red,2022-05-02,186
red,2022-05-03,194
red,2022-05-04,194
red,2022-05-05,185
red,2022-05-06,181
red,2022-05-07,185
red,2022-05-08,175
red,2022-05-09,168
red,2022-05-10,163
red,2022-05-11,153
red,2022-05-12,162
red,2022-05-13,168
red,2022-05-14,177
red,2022-05-15,184
red,2022-05-16,180
red,2022-05-17,186
red,2022-05-18,191
red,2022-05-19,184
red,2022-05-20,182
red,2022-05-21,174
red,2022-05-22,166
red,2022-05-23,163
red,2022-05-24,164
red,2022-05-25,171
red,2022-05-26,168
red,2022-05-27,175
red,2022-05-28,180
red,2022-05-29,178
red,2022-05-30,179
red,2022-05-31,178
red,2022-06-01,179
red,2022-06-02,188
red,2022-06-03,185
red,2022-06-04,186
red,2022-06-05,192
red,2022-06-06,192
red,2022-06-07,200
red,2022-06-08,210
red,2022-06-09,207
red,2022-06-10,217
red,2022-06-11,226
red,2022-06-12,235
red,2022-06-13,229
red,2022-06-14,232
red,2022-06-15,222
red,2022-06-16,214
red,2022-06-17,217
red,2022-06-18,215
red,2022-06-19,221
red,2022-06-20,214
red,2022-06-21,223
red,2022-06-22,214
red,2022-06-23,205
red,2022-06-24,197
red,2022-06-25,190
red,2022-06-26,200
red,2022-06-27,191
red,2022-06-28,181
red,2022-06-29,184
red,2022-06-30,184
red,2022-07-01,178
red,2022-07-02,186
red,2022-07-03,185
red,2022-07-04,180
red,2022-07-05,179
red,2022-07-06,183
red,2022-07-07,192
red,2022-07-08,185
red,2022-07-09,188
red,2022-07-10,191
red,2022-07-11,200
red,2022-07-12,202
red,2022-07-13,207
red,2022-07-14,199
red,2022-07-15,198
red,2022-07-16,191
red,2022-07-17,190
red,2022-07-18,188
red,2022-07-19,196
red,2022-07-20,199
red,2022-07-21,193
red,2022-07-22,183
red,2022-07-23,183
red,2022-07-24,173
red,2022-07-25,166
red,2022-07-26,171
red,2022-07-27,166
red,2022-07-28,165
red,2022-07-29,159
red,2022-07-30,167
red,2022-07-31,172
red,2022-08-01,178
red,2022-08-02,182
red,2022-08-03,191
red,2022-08-04,199
red,2022-08-05,203
red,2022-08-06,213
red,2022-08-07,220
red,2022-08-08,216
red,2022-08-09,213
red,2022-08-10,204
red,2022-08-11,207
red,2022-08-12,203
red,2022-08-13,203
red,2022-08-14,202
red,2022-08-15,202
red,2022-08-16,197
red,2022-08-17,195
red,2022-08-18,193
red,2022-08-19,185
red,2022-08-20,177
red,2022-08-21,168
red,2022-08-22,171
red,2022-08-23,179
red,2022-08-24,180
red,2022-08-25,178
red,2022-08-26,186
red,2022-08-27,194
red,2022-08-28,195
red,2022-08-29,185
red,2022-08-30,188
red,2022-08-31,179
red,2022-09-01,170
red,2022-09-02,178
red,2022-09-03,176
red,2022-09-04,174
red,2022-09-05,184
red,2022-09-06,194
red,2022-09-07,194
red,2022-09-08,197
red,2022-09-09,191
red,2022-09-10,191
red,2022-09-11,193
red,2022-09-12,191
red,2022-09-13,195
red,2022-09-14,204
red,2022-09-15,195
red,2022-09-16,188
red,2022-09-17,190
red,2022-09-18,183
red,2022-09-19,181
red,2022-09-20,183
red,2022-09-21,188
red,2022-09-22,193
red,2022-09-23,202
red,2022-09-24,211
red,2022-09-25,220
red,2022-09-26,230
red,2022-09-27,226
red,2022-09-28,217
red,2022-09-29,218
red,2022-09-30,221
red,2022-10-01,228
red,2022-10-02,235
red,2022-10-03,238
red,2022-10-04,242
red,2022-10-05,242
red,2022-10-06,246
red,2022-10-07,247
red,2022-10-08,246
red,2022-10-09,252
red,2022-10-10,252
red,2022-10-11,242
red,2022-10-12,242
red,2022-10-13,252
red,2022-10-14,244
red,2022-10-15,247
red,2022-10-16,240
red,2022-10-17,232
red,2022-10-18,226
red,2022-10-19,216
red,2022-10-20,221
red,2022-10-21,212
red,2022-10-22,208
red,2022-10-23,209
red,2022-10-24,201
red,2022-10-25,192
red,2022-10-26,188
red,2022-10-27,184
red,2022-10-28,181
red,2022-10-29,191
red,2022-10-30,196
red,2022-10-31,200
red,2022-11-01,195
red,2022-11-02,189
red,2022-11-03,189
red,2022-11-04,199
red,2022-11-05,198
red,2022-11-06,197
red,2022-11-07,200
red,2022-11-08,202
red,2022-11-09,198
red,2022-11-10,196
red,2022-11-11,189
red,2022-11-12,180
red,2022-11-13,171
red,2022-11-14,171
red,2022-11-15,177
red,2022-11-16,182
red,2022-11-17,189
red,2022-11-18,182
red,2022-11-19,188
red,2022-11-20,185
red,2022-11-21,189
red,2022-11-22,195
red,2022-11-23,187
red,2022-11-24,192
red,2022-11-25,186
red,2022-11-26,182
red,2022-11-27,177
red,2022-11-28,182
red,2022-11-29,181
red,2022-11-30,181
red,2022-12-01,177
red,2022-12-02,179
red,2022-12-03,188
red,2022-12-04,192
red,2022-12-05,185
red,2022-12-06,191
red,2022-12-07,186
red,2022-12-08,180
red,2022-12-09,189
red,2022-12-10,196
red,2022-12-11,206
red,2022-12-12,212
red,2022-12-13,222
red,2022-12-14,220
red,2022-12-15,222
red,2022-12-16,213
red,2022-12-17,214
red,2022-12-18,222
red,2022-12-19,218
red,2022-12-20,228
red,2022-12-21,219
red,2022-12-22,227
red,2022-12-23,231
red,2022-12-24,229
red,2022-12-25,227
red,2022-12-26,236
red,2022-12-27,231
red,2022-12-28,234
red,2022-12-29,225
red,2022-12-30,229
red,2022-12-31,238
red,2023-01-01,245
red,2023-01-02,239
red,2023-01-03,230
red,2023-01-04,238
red,2023-01-05,240
red,2023-01-06,247
red,2023-01-07,248
red,2023-01-08,243
red,2023-01-09,244
red,2023-01-10,239
red,2023-01-11,248
red,2023-01-12,247
red,2023-01-13,247
red,2023-01-14,241
red,2023-01-15,232
red,2023-01-16,231
red,2023-01-17,237
red,2023-01-18,227
red,2023-01-19,228
red,2023-01-20,222
red,2023-01-21,213
red,2023-01-22,220
red,2023-01-23,228
red,2023-01-24,229
red,2023-01-25,225
red,2023-01-26,235
red,2023-01-27,243
red,2023-01-28,251
red,2023-01-29,250
red,2023-01-30,247
red,2023-01-31,240
red,2023-02-01,239
red,2023-02-02,232
red,2023-02-03,239
red,2023-02-04,237
red,2023-02-05,243
red,2023-02-06,233
red,2023-02-07,234
red,2023-02-08,226
red,2023-02-09,217
red,2023-02-10,220
red,2023-02-11,212
red,2023-02-12,207
red,2023-02-13,217
red,2023-02-14,225
red,2023-02-15,235
red,2023-02-16,240
red,2023-02-17,247
red,2023-02-18,253
red,2023-02-19,262
red,2023-02-20,252
red,2023-02-21,246
red,2023-02-22,252
red,2023-02-23,245
red,2023-02-24,237
red,2023-02-25,239
red,2023-02-26,244
red,2023-02-27,241
red,2023-02-28,234
red,2023-03-01,229
red,2023-03-02,227
red,2023-03-03,219
red,2023-03-04,217
red,2023-03-05,221
red,2023-03-06,229
red,2023-03-07,238
red,2023-03-08,233
red,2023-03-09,241
red,2023-03-10,242
red,2023-03-11,251
red,2023-03-12,260
red,2023-03-13,250
red,2023-03-14,255
red,2023-03-15,263
red,2023-03-16,272
red,2023-03-17,282
red,2023-03-18,276
red,2023-03-19,269
red,2023-03-20,273
red,2023-03-21,278
red,2023-03-22,286
red,2023-03-23,282
red,2023-03-24,282
red,2023-03-25,291
red,2023-03-26,297
red,2023-03-27,288
red,2023-03-28,291
red,2023-03-29,284
red,2023-03-30,288
red,2023-03-31,284
red,2023-04-01,289
red,2023-04-02,287
red,2023-04-03,287
red,2023-04-04,289
red,2023-04-05,294
red,2023-04-06,303
red,2023-04-07,298
red,2023-04-08,299
red,2023-04-09,289
red,2023-04-10,297
red,2023-04-11,293
red,2023-04-12,291
red,2023-04-13,284
red,2023-04-14,290
red,2023-04-15,295
red,2023-04-16,285
red,2023-04-17,290
red,2023-04-18,296
red,2023-04-19,286
red,2023-04-20,283
red,2023-04-21,275
red,2023-04-22,265
red,2023-04-23,268
red,2023-04-24,273
red,2023-04-25,268
red,2023-04-26,273
red,2023-04-27,263
red,2023-04-28,261
red,2023-04-29,263
red,2023-04-30,262
red,2023-05-01,267
red,2023-05-02,265
red,2023-05-03,259
red,2023-05-04,258
red,2023-05-05,262
red,2023-05-06,256
red,2023-05-07,263
red,2023-05-08,268
red,2023-05-09,276
red,2023-05-10,281
red,2023-05-11,271
red,2023-05-12,261
red,2023-05-13,262
red,2023-05-14,258
red,2023-05-15,252
red,2023-05-16,246
red,2023-05-17,242
red,2023-05-18,241
red,2023-05-19,248
red,2023-05-20,244
red,2023-05-21,246
red,2023-05-22,254
red,2023-05-23,244
red,2023-05-24,237
red,2023-05-25,236
red,2023-05-26,227
red,2023-05-27,224
red,2023-05-28,227
red,2023-05-29,218
red,2023-05-30,214
red,2023-05-31,217
red,2023-06-01,208
red,2023-06-02,203
red,2023-06-03,207
red,2023-06-04,217
red,2023-06-05,218
red,2023-06-06,214
red,2023-06-07,204
red,2023-06-08,196
red,2023-06-09,197
red,2023-06-10,190
red,2023-06-11,200
red,2023-06-12,197
red,2023-06-13,203
red,2023-06-14,213
red,2023-06-15,204
red,2023-06-16,203
red,2023-06-17,199
red,2023-06-18,207
red,2023-06-19,209
red,2023-06-20,209
red,2023-06-21,205
red,2023-06-22,199
red,2023-06-23,200
red,2023-06-24,204
red,2023-06-25,197
red,2023-06-26,190
red,2023-06-27,180
red,2023-06-28,171
red,2023-06-29,176
red,2023-06-30,174
red,2023-07-01,173
red,2023-07-02,165
red,2023-07-03,156
red,2023-07-04,146
red,2023-07-05,147
red,2023-07-06,137
red,2023-07-07,137
red,2023-07-08,134
red,2023-07-09,124
red,2023-07-10,129
red,2023-07-11,137
red,2023-07-12,136
red,2023-07-13,128
red,2023-07-14,131
red,2023-07-15,121
red,2023-07-16,130
red,2023-07-17,126
red,2023-07-18,128
red,2023-07-19,120
red,2023-07-20,129
red,2023-07-21,129
red,2023-07-22,134
red,2023-07-23,127
red,2023-07-24,125
red,2023-07-25,132
red,2023-07-26,128
red,2023-07-27,132
red,2023-07-28,133
red,2023-07-29,134
red,2023-07-30,144
red,2023-07-31,153
red,2023-08-01,143
red,2023-08-02,152
red,2023-08-03,150
red,2023-08-04,148
red,2023-08-05,140
red,2023-08-06,137
red,2023-08-07,140
red,2023-08-08,143
red,2023-08-09,145
red,2023-08-10,141
red,2023-08-11,141
red,2023-08-12,151
red,2023-08-13,145
red,2023-08-14,155
red,2023-08-15,158
red,2023-08-16,159
red,2023-08-17,166
red,2023-08-18,166
red,2023-08-19,156
red,2023-08-20,152
red,2023-08-21,154
red,2023-08-22,164
red,2023-08-23,161
red,2023-08-24,151
red,2023-08-25,160
red,2023-08-26,153
red,2023-08-27,161
red,2023-08-28,160
red,2023-08-29,151
red,2023-08-30,153
red,2023-08-31,152
red,2023-09-01,155
red,2023-09-02,147
red,2023-09-03,138
red,2023-09-04,133
red,2023-09-05,123
red,2023-09-06,131
red,2023-09-07,121
red,2023-09-08,111
red,2023-09-09,119
red,2023-09-10,118
red,2023-09-11,128
red,2023-09-12,125
red,2023-09-13,123
red,2023-09-14,117
red,2023-09-15,123
red,2023-09-16,124
red,2023-09-17,131
red,2023-09-18,135
red,2023-09-19,141
red,2023-09-20,145
red,2023-09-21,139
red,2023-09-22,148
red,2023-09-23,151
red,2023-09-24,157
red,2023-09-25,156
red,2023-09-26,155
red,2023-09-27,154
red,2023-09-28,146
red,2023-09-29,141
red,2023-09-30,132
red,2023-10-01,132
red,2023-10-02,133
red,2023-10-03,135
red,2023-10-04,144
red,2023-10-05,134
red,2023-10-06,136
red,2023-10-07,135
red,2023-10-08,131
red,2023-10-09,121
red,2023-10-10,111
green,2020-01-01,349
green,2020-01-02,357
green,2020-01-03,363
green,2020-01-04,369
green,2020-01-05,379
green,2020-01-06,377
green,2020-01-07,380
green,2020-01-08,373
green,2020-01-09,383
green,2020-01-10,383
green,2020-01-11,387
green,2020-01-12,379
green,2020-01-13,378
green,2020-01-14,386
green,2020-01-15,395
green,2020-01-16,391
green,2020-01-17,392
green,2020-01-18,396
green,2020-01-19,390
green,2020-01-20,399
green,2020-01-21,402
green,2020-01-22,393
green,2020-01-23,402
green,2020-01-24,400
green,2020-01-25,397
green,2020-01-26,400
green,2020-01-27,390
green,2020-01-28,391
green,2020-01-29,400
green,2020-01-30,403
green,2020-01-31,406
green,2020-02-01,407
green,2020-02-02,417
green,2020-02-03,423
green,2020-02-04,425
green,2020-02-05,421
green,2020-02-06,427
green,2020-02-07,420
green,2020-02-08,427
green,2020-02-09,421
green,2020-02-10,412
green,2020-02-11,420
green,2020-02-12,429
green,2020-02-13,435
green,2020-02-14,436
green,2020-02-15,428
green,2020-02-16,435
green,2020-02-17,434
green,2020-02-18,435
green,2020-02-19,435
green,2020-02-20,430
green,2020-02-21,420
green,2020-02-22,416
green,2020-02-23,422
green,2020-02-24,416
green,2020-02-25,413
green,2020-02-26,421
green,2020-02-27,431
green,2020-02-28,437
green,2020-02-29,442
green,2020-03-01,452
green,2020-03-02,450
green,2020-03-03,453
green,2020-03-04,449
green,2020-03-05,448
green,2020-03-06,441
green,2020-03-07,438
green,2020-03-08,436
green,2020-03-09,442
green,2020-03-10,439
green,2020-03-11,449
green,2020-03-12,455
green,2020-03-13,462
green,2020-03-14,462
green,2020-03-15,470
green,2020-03-16,476
green,2020-03-17,482
green,2020-03-18,478
green,2020-03-19,470
green,2020-03-20,473
green,2020-03-21,481
green,2020-03-22,471
green,2020-03-23,461
green,2020-03-24,468
green,2020-03-25,471
green,2020-03-26,462
green,2020-03-27,463
green,2020-03-28,465
green,2020-03-29,462
green,2020-03-30,466
green,2020-03-31,473
green,2020-04-01,471
green,2020-04-02,474
green,2020-04-03,480
green,2020-04-04,474
green,2020-04-05,468
green,2020-04-06,458
green,2020-04-07,448
green,2020-04-08,443
green,2020-04-09,449
green,2020-04-10,455
green,2020-04-11,457
green,2020-04-12,463
green,2020-04-13,464
green,2020-04-14,463
green,2020-04-15,459
green,2020-04-16,450
green,2020-04-17,450
green,2020-04-18,442
green,2020-04-19,446
green,2020-04-20,440
green,2020-04-21,433
green,2020-04-22,436
green,2020-04-23,443
green,2020-04-24,434
green,2020-04-25,437
green,2020-04-26,439
green,2020-04-27,436
green,2020-04-28,442
green,2020-04-29,445
green,2020-04-30,439
green,2020-05-01,443
green,2020-05-02,446
green,2020-05-03,437
green,2020-05-04,437
green,2020-05-05,443
green,2020-05-06,434
green,2020-05-07,433
green,2020-05-08,443
green,2020-05-09,437
green,2020-05-10,444
green,2020-05-11,440
green,2020-05-12,433
green,2020-05-13,427
green,2020-05-14,429
green,2020-05-15,426
green,2020-05-16,436
green,2020-05-17,435
green,2020-05-18,444
green,2020-05-19,440
green,2020-05-20,432
green,2020-05-21,442
green,2020-05-22,439
green,2020-05-23,449
green,2020-05-24,445
green,2020-05-25,438
green,2020-05-26,441
green,2020-05-27,446
green,2020-05-28,436
green,2020-05-29,426
green,2020-05-30,424
green,2020-05-31,429
green,2020-06-01,419
green,2020-06-02,418
green,2020-06-03,418
green,2020-06-04,416
green,2020-06-05,409
green,2020-06-06,399
green,2020-06-07,396
green,2020-06-08,390
green,2020-06-09,383
green,2020-06-10,384
green,2020-06-11,391
green,2020-06-12,396
green,2020-06-13,397
green,2020-06-14,390
green,2020-06-15,395
green,2020-06-16,404
green,2020-06-17,399
green,2020-06-18,396
green,2020-06-19,405
green,2020-06-20,396
green,2020-06-21,389
green,2020-06-22,385
green,2020-06-23,376
green,2020-06-24,371
green,2020-06-25,377
green,2020-06-26,377
green,2020-06-27,384
green,2020-06-28,379
green,2020-06-29,386
green,2020-06-30,380
green,2020-07-01,381
green,2020-07-02,373
green,2020-07-03,372
green,2020-07-04,364
green,2020-07-05,356
green,2020-07-06,357
green,2020-07-07,356
green,2020-07-08,359
green,2020-07-09,365
green,2020-07-10,360
green,2020-07-11,364
green,2020-07-12,358
green,2020-07-13,350
green,2020-07-14,351
green,2020-07-15,352
green,2020-07-16,361
green,2020-07-17,364
green,2020-07-18,358
green,2020-07-19,349
green,2020-07-20,345
green,2020-07-21,337
green,2020-07-22,346
green,2020-07-23,339
green,2020-07-24,339
green,2020-07-25,331
green,2020-07-26,333
green,2020-07-27,330
green,2020-07-28,328
green,2020-07-29,331
green,2020-07-30,322
green,2020-07-31,327
green,2020-08-01,328
green,2020-08-02,319
green,2020-08-03,325
green,2020-08-04,334
green,2020-08-05,324
green,2020-08-06,328
green,2020-08-07,321
green,2020-08-08,314
green,2020-08-09,306
green,2020-08-10,314
green,2020-08-11,318
green,2020-08-12,327
green,2020-08-13,317
green,2020-08-14,319
green,2020-08-15,325
green,2020-08-16,331
green,2020-08-17,331
green,2020-08-18,341
green,2020-08-19,351
green,2020-08-20,351
green,2020-08-21,347
green,2020-08-22,339
green,2020-08-23,332
green,2020-08-24,342
green,2020-08-25,339
green,2020-08-26,334
green,2020-08-27,327
green,2020-08-28,334
green,2020-08-29,326
green,2020-08-30,336
green,2020-08-31,342
green,2020-09-01,349
green,2020-09-02,353
green,2020-09-03,345
green,2020-09-04,338
green,2020-09-05,341
green,2020-09-06,336
green,2020-09-07,328
green,2020-09-08,337
green,2020-09-09,329
green,2020-09-10,336
green,2020-09-11,331
green,2020-09-12,341
green,2020-09-13,334
green,2020-09-14,331
green,2020-09-15,341
green,2020-09-16,337
green,2020-09-17,338
green,2020-09-18,335
green,2020-09-19,326
green,2020-09-20,336
green,2020-09-21,330
green,2020-09-22,335
green,2020-09-23,343
green,2020-09-24,338
green,2020-09-25,334
green,2020-09-26,342
green,2020-09-27,351
green,2020-09-28,360
green,2020-09-29,358
green,2020-09-30,349
green,2020-10-01,339
green,2020-10-02,340
green,2020-10-03,348
green,2020-10-04,343
green,2020-10-05,344
green,2020-10-06,334
green,2020-10-07,334
green,2020-10-08,333
green,2020-10-09,332
green,2020-10-10,334
green,2020-10-11,341
green,2020-10-12,339
green,2020-10-13,347
green,2020-10-14,345
green,2020-10-15,339
green,2020-10-16,349
green,2020-10-17,343
green,2020-10-18,344
green,2020-10-19,346
green,2020-10-20,354
green,2020-10-21,356
green,2020-10-22,353
green,2020-10-23,351
green,2020-10-24,347
green,2020-10-25,355
green,2020-10-26,350
green,2020-10-27,354
green,2020-10-28,352
green,2020-10-29,360
green,2020-10-30,357
green,2020-10-31,366
green,2020-11-01,374
green,2020-11-02,382
green,2020-11-03,377
green,2020-11-04,385
green,2020-11-05,390
green,2020-11-06,381
green,2020-11-07,380
green,2020-11-08,374
green,2020-11-09,371
green,2020-11-10,374
green,2020-11-11,366
green,2020-11-12,376
green,2020-11-13,384
green,2020-11-14,375
green,2020-11-15,369
green,2020-11-16,379
green,2020-11-17,371
green,2020-11-18,376
green,2020-11-19,370
green,2020-11-20,376
green,2020-11-21,383
green,2020-11-22,375
green,2020-11-23,375
green,2020-11-24,368
green,2020-11-25,360
green,2020-11-26,352
green,2020-11-27,353
green,2020-11-28,354
green,2020-11-29,364
green,2020-11-30,374
green,2020-12-01,375
green,2020-12-02,381
green,2020-12-03,371
green,2020-12-04,380
green,2020-12-05,373
green,2020-12-06,369
green,2020-12-07,367
green,2020-12-08,376
green,2020-12-09,370
green,2020-12-10,362
green,2020-12-11,370
green,2020-12-12,364
green,2020-12-13,364
green,2020-12-14,355
green,2020-12-15,348
green,2020-12-16,349
green,2020-12-17,355
green,2020-12-18,361
green,2020-12-19,366
green,2020-12-20,363
green,2020-12-21,359
green,2020-12-22,361
green,2020-12-23,362
green,2020-12-24,356
green,2020-12-25,357
green,2020-12-26,354
green,2020-12-27,361
green,2020-12-28,358
green,2020-12-29,351
green,2020-12-30,358
green,2020-12-31,364
green,2021-01-01,374
green,2021-01-02,372
green,2021-01-03,367
green,2021-01-04,368
green,2021-01-05,360
green,2021-01-06,365
green,2021-01-07,364
green,2021-01-08,360
green,2021-01-09,361
green,2021-01-10,353
green,2021-01-11,352
green,2021-01-12,344
green,2021-01-13,337
green,2021-01-14,329
green,2021-01-15,331
green,2021-01-16,332
green,2021-01-17,325
green,2021-01-18,324
green,2021-01-19,319
green,2021-01-20,329
green,2021-01-21,323
green,2021-01-22,314
green,2021-01-23,310
green,2021-01-24,306
green,2021-01-25,305
green,2021-01-26,304
green,2021-01-27,302
green,2021-01-28,310
green,2021-01-29,303
green,2021-01-30,309
green,2021-01-31,319
green,2021-02-01,324
green,2021-02-02,316
green,2021-02-03,309
green,2021-02-04,300
green,2021-02-05,310
green,2021-02-06,315
green,2021-02-07,320
green,2021-02-08,311
green,2021-02-09,305
green,2021-02-10,311
green,2021-02-11,312
green,2021-02-12,314
green,2021-02-13,319
green,2021-02-14,318
green,2021-02-15,324
green,2021-02-16,315
green,2021-02-17,305
green,2021-02-18,303
green,2021-02-19,298
green,2021-02-20,295
green,2021-02-21,285
green,2021-02-22,279
green,2021-02-23,288
green,2021-02-24,294
green,2021-02-25,291
green,2021-02-26,293
green,2021-02-27,297
green,2021-02-28,293
green,2021-03-01,291
green,2021-03-02,294
green,2021-03-03,301
green,2021-03-04,305
green,2021-03-05,314
green,2021-03-06,306
green,2021-03-07,298
green,2021-03-08,293
green,2021-03-09,290
green,2021-03-10,280
green,2021-03-11,280
green,2021-03-12,287
green,2021-03-13,286
green,2021-03-14,293
green,2021-03-15,291
green,2021-03-16,282
green,2021-03-17,286
green,2021-03-18,281
green,2021-03-19,291
green,2021-03-20,281
green,2021-03-21,290
green,2021-03-22,300
green,2021-03-23,296
green,2021-03-24,288
green,2021-03-25,294
green,2021-03-26,303
green,2021-03-27,308
green,2021-03-28,310
green,2021-03-29,303
green,2021-03-30,312
green,2021-03-31,316
green,2021-04-01,317
green,2021-04-02,318
green,2021-04-03,312
green,2021-04-04,308
green,2021-04-05,306
green,2021-04-06,314
green,2021-04-07,310
green,2021-04-08,320
green,2021-04-09,323
green,2021-04-10,329
green,2021-04-11,322
green,2021-04-12,312
green,2021-04-13,315
green,2021-04-14,323
green,2021-04-15,323
green,2021-04-16,325
green,2021-04-17,318
green,2021-04-18,321
green,2021-04-19,324
green,2021-04-20,321
green,2021-04-21,311
green,2021-04-22,320
green,2021-04-23,321
green,2021-04-24,327
green,2021-04-25,331
green,2021-04-26,321
green,2021-04-27,314
green,2021-04-28,307
green,2021-04-29,306
green,2021-04-30,309
green,2021-05-01,299
green,2021-05-02,298
green,2021-05-03,289
green,2021-05-04,281
green,2021-05-05,285
green,2021-05-06,280
green,2021-05-07,286
green,2021-05-08,283
green,2021-05-09,275
green,2021-05-10,279
green,2021-05-11,274
green,2021-05-12,283
green,2021-05-13,277
green,2021-05-14,272
green,2021-05-15,269
green,2021-05-16,259
green,2021-05-17,261
green,2021-05-18,262
green,2021-05-19,253
green,2021-05-20,245
green,2021-05-21,250
green,2021-05-22,241
green,2021-05-23,235
green,2021-05-24,241
green,2021-05-25,243
green,2021-05-26,251
green,2021-05-27,252
green,2021-05-28,245
green,2021-05-29,249
green,2021-05-30,252
green,2021-05-31,248
green,2021-06-01,256
green,2021-06-02,249
green,2021-06-03,250
green,2021-06-04,248
green,2021-06-05,253
green,2021-06-06,250
green,2021-06-07,260
green,2021-06-08,250
green,2021-06-09,243
green,2021-06-10,246
green,2021-06-11,250
green,2021-06-12,252
green,2021-06-13,247
green,2021-06-14,240
green,2021-06-15,243
green,2021-06-16,245
green,2021-06-17,245
green,2021-06-18,255
green,2021-06-19,264
green,2021-06-20,261
green,2021-06-21,266
green,2021-06-22,272
green,2021-06-23,273
green,2021-06-24,270
green,2021-06-25,276
green,2021-06-26,284
green,2021-06-27,294
green,2021-06-28,304
green,2021-06-29,294
green,2021-06-30,291
green,2021-07-01,288
green,2021-07-02,282
green,2021-07-03,272
green,2021-07-04,270
green,2021-07-05,267
green,2021-07-06,258
green,2021-07-07,254
green,2021-07-08,257
green,2021-07-09,248
green,2021-07-10,249
green,2021-07-11,254
green,2021-07-12,244
green,2021-07-13,245
green,2021-07-14,248
green,2021-07-15,252
green,2021-07-16,248
green,2021-07-17,250
green,2021-07-18,254
green,2021-07-19,246
green,2021-07-20,238
green,2021-07-21,241
green,2021-07-22,247
green,2021-07-23,256
green,2021-07-24,265
green,2021-07-25,258
green,2021-07-26,254
green,2021-07-27,244
green,2021-07-28,253
green,2021-07-29,245
green,2021-07-30,238
green,2021-07-31,244
green,2021-08-01,236
green,2021-08-02,235
green,2021-08-03,241
green,2021-08-04,241
green,2021-08-05,248
green,2021-08-06,254
green,2021-08-07,248
green,2021-08-08,253
green,2021-08-09,243
green,2021-08-10,238
green,2021-08-11,239
green,2021-08-12,249
green,2021-08-13,241
green,2021-08-14,233
green,2021-08-15,225
green,2021-08-16,221
green,2021-08-17,212
green,2021-08-18,220
green,2021-08-19,213
green,2021-08-20,209
green,2021-08-21,209
green,2021-08-22,205
green,2021-08-23,213
green,2021-08-24,217
green,2021-08-25,222
green,2021-08-26,232
green,2021-08-27,237
green,2021-08-28,237
green,2021-08-29,235
green,2021-08-30,225
green,2021-08-31,231
green,2021-09-01,233
green,2021-09-02,230
green,2021-09-03,235
green,2021-09-04,238
green,2021-09-05,247
green,2021-09-06,255
green,2021-09-07,251
green,2021-09-08,247
green,2021-09-09,250
green,2021-09-10,250
green,2021-09-11,252
green,2021-09-12,242
green,2021-09-13,236
green,2021-09-14,245
green,2021-09-15,247
green,2021-09-16,237
green,2021-09-17,246
green,2021-09-18,251
green,2021-09-19,249
green,2021-09-20,257
green,2021-09-21,247
green,2021-09-22,254
green,2021-09-23,245
green,2021-09-24,236
green,2021-09-25,226
green,2021-09-26,228
green,2021-09-27,237
green,2021-09-28,234
green,2021-09-29,226
green,2021-09-30,232
green,2021-10-01,234
green,2021-10-02,241
green,2021-10-03,246
green,2021-10-04,240
green,2021-10-05,245
green,2021-10-06,250
green,2021-10-07,257
green,2021-10-08,253
green,2021-10-09,253
green,2021-10-10,255
green,2021-10-11,251
green,2021-10-12,245
green,2021-10-13,235
green,2021-10-14,231
green,2021-10-15,240
green,2021-10-16,235
green,2021-10-17,231
green,2021-10-18,224
green,2021-10-19,227
green,2021-10-20,225
green,2021-10-21,227
green,2021-10-22,230
green,2021-10-23,236
green,2021-10-24,234
green,2021-10-25,228
green,2021-10-26,228
green,2021-10-27,238
green,2021-10-28,244
green,2021-10-29,240
green,2021-10-30,232
green,2021-10-31,223
green,2021-11-01,221
green,2021-11-02,227
green,2021-11-03,225
green,2021-11-04,226
green,2021-11-05,223
green,2021-11-06,213
green,2021-11-07,205
green,2021-11-08,213
green,2021-11-09,223
green,2021-11-10,224
green,2021-11-11,219
green,2021-11-12,210
green,2021-11-13,201
green,2021-11-14,195
green,2021-11-15,186
green,2021-11-16,178
green,2021-11-17,171
green,2021-11-18,171
green,2021-11-19,162
green,2021-11-20,164
green,2021-11-21,154
green,2021-11-22,162
green,2021-11-23,170
green,2021-11-24,171
green,2021-11-25,169
green,2021-11-26,160
green,2021-11-27,152
green,2021-11-28,146
green,2021-11-29,153
green,2021-11-30,152
green,2021-12-01,162
green,2021-12-02,156
green,2021-12-03,151
green,2021-12-04,145
green,2021-12-05,144
green,2021-12-06,148
green,2021-12-07,138
green,2021-12-08,133
green,2021-12-09,127
green,2021-12-10,123
green,2021-12-11,128
green,2021-12-12,136
green,2021-12-13,131
green,2021-12-14,129
green,2021-12-15,125
green,2021-12-16,132
green,2021-12-17,130
green,2021-12-18,120
green,2021-12-19,119
green,2021-12-20,119
green,2021-12-21,118
green,2021-12-22,118
green,2021-12-23,118
green,2021-12-24,121
green,2021-12-25,120
green,2021-12-26,119
green,2021-12-27,117
green,2021-12-28,121
green,2021-12-29,127
green,2021-12-30,130
green,2021-12-31,123
green,2022-01-01,116
green,2022-01-02,113
green,2022-01-03,113
green,2022-01-04,114
green,2022-01-05,114
green,2022-01-06,114
green,2022-01-07,121
green,2022-01-08,112
green,2022-01-09,118
green,2022-01-10,112
green,2022-01-11,122
green,2022-01-12,117
green,2022-01-13,109
green,2022-01-14,112
green,2022-01-15,109
green,2022-01-16,109
green,2022-01-17,113
green,2022-01-18,106
green,2022-01-19,116
green,2022-01-20,108
green,2022-01-21,101
green,2022-01-22,109
green,2022-01-23,99
green,2022-01-24,90
green,2022-01-25,100
green,2022-01-26,100
green,2022-01-27,107
green,2022-01-28,110
green,2022-01-29,100
green,2022-01-30,103
green,2022-01-31,103
green,2022-02-01,99
green,2022-02-02,97
green,2022-02-03,102
green,2022-02-04,93
green,2022-02-05,97
green,2022-02-06,96
green,2022-02-07,93
green,2022-02-08,98
green,2022-02-09,105
green,2022-02-10,98
green,2022-02-11,99
green,2022-02-12,97
green,2022-02-13,97
green,2022-02-14,107
green,2022-02-15,112
green,2022-02-16,115
green,2022-02-17,113
green,2022-02-18,116
green,2022-02-19,110
green,2022-02-20,114
green,2022-02-21,110
green,2022-02-22,109
green,2022-02-23,118
green,2022-02-24,128
green,2022-02-25,126
green,2022-02-26,132
green,2022-02-27,136
green,2022-02-28,134
green,2022-03-01,138
green,2022-03-02,147
green,2022-03-03,145
green,2022-03-04,143
green,2022-03-05,138
green,2022-03-06,130
green,2022-03-07,132
green,2022-03-08,131
green,2022-03-09,139
green,2022-03-10,142
green,2022-03-11,137
green,2022-03-12,142
green,2022-03-13,145
green,2022-03-14,140
green,2022-03-15,147
green,2022-03-16,151
green,2022-03-17,146
green,2022-03-18,147
green,2022-03-19,149
green,2022-03-20,159
green,2022-03-21,163
green,2022-03-22,172
green,2022-03-23,179
green,2022-03-24,188
green,2022-03-25,183
green,2022-03-26,191
green,2022-03-27,188
green,2022-03-28,184
green,2022-03-29,187
green,2022-03-30,191
green,2022-03-31,199
green,2022-04-01,190
green,2022-04-02,186
green,2022-04-03,189
green,2022-04-04,185
green,2022-04-05,183
green,2022-04-06,173
green,2022-04-07,175
green,2022-04-08,181
green,2022-04-09,186
green,2022-04-10,180
green,2022-04-11,172
green,2022-04-12,163
green,2022-04-13,171
green,2022-04-14,169
green,2022-04-15,178
green,2022-04-16,184
green,2022-04-17,176
green,2022-04-18,182
green,2022-04-19,176
green,2022-04-20,176
green,2022-04-21,180
green,2022-04-22,178
green,2022-04-23,170
green,2022-04-24,179
green,2022-04-25,178
green,2022-04-26,178
green,2022-04-27,174
green,2022-04-28,182
green,2022-04-29,186
green,2022-04-30,192
green,2022-05-01,192
green,2022-05-02,190
green,2022-05-03,183
green,2022-05-04,187
green,2022-05-05,196
green,2022-05-06,206
green,2022-05-07,207
green,2022-05-08,215
green,2022-05-09,224
green,2022-05-10,220
green,2022-05-11,224
green,2022-05-12,233
green,2022-05-13,227
green,2022-05-14,222
green,2022-05-15,213
green,2022-05-16,220
green,2022-05-17,224
green,2022-05-18,229
green,2022-05-19,238
green,2022-05-20,235
green,2022-05-21,226
green,2022-05-22,222
green,2022-05-23,228
green,2022-05-24,236
green,2022-05-25,232
green,2022-05-26,232
green,2022-05-27,226
green,2022-05-28,236
green,2022-05-29,246
green,2022-05-30,236
green,2022-05-31,232
green,2022-06-01,241
green,2022-06-02,244
green,2022-06-03,238
green,2022-06-04,233
green,2022-06-05,234
green,2022-06-06,229
green,2022-06-07,222
green,2022-06-08,224
green,2022-06-09,228
green,2022-06-10,222
green,2022-06-11,222
green,2022-06-12,217
green,2022-06-13,210
green,2022-06-14,212
green,2022-06-15,204
green,2022-06-16,213
green,2022-06-17,205
green,2022-06-18,201
green,2022-06-19,211
green,2022-06-20,213
green,2022-06-21,206
green,2022-06-22,208
green,2022-06-23,217
green,2022-06-24,216
green,2022-06-25,223
green,2022-06-26,221
green,2022-06-27,218
green,2022-06-28,221
green,2022-06-29,222
green,2022-06-30,218
green,2022-07-01,223
green,2022-07-02,233
green,2022-07-03,238
green,2022-07-04,239
green,2022-07-05,241
green,2022-07-06,233
green,2022-07-07,228
green,2022-07-08,224
green,2022-07-09,215
green,2022-07-10,211
green,2022-07-11,204
green,2022-07-12,194
green,2022-07-13,186
green,2022-07-14,186
green,2022-07-15,188
green,2022-07-16,193
green,2022-07-17,189
green,2022-07-18,183
green,2022-07-19,191
green,2022-07-20,198
green,2022-07-21,194
green,2022-07-22,197
green,2022-07-23,197
green,2022-07-24,198
green,2022-07-25,194
green,2022-07-26,201
green,2022-07-27,194
green,2022-07-28,198
green,2022-07-29,190
green,2022-07-30,189
green,2022-07-31,184
green,2022-08-01,185
green,2022-08-02,190
green,2022-08-03,189
green,2022-08-04,184
green,2022-08-05,180
green,2022-08-06,170
green,2022-08-07,178
green,2022-08-08,180
green,2022-08-09,190
green,2022-08-10,185
green,2022-08-11,191
green,2022-08-12,189
green,2022-08-13,190
green,2022-08-14,194
green,2022-08-15,198
green,2022-08-16,201
green,2022-08-17,207
green,2022-08-18,214
green,2022-08-19,221
green,2022-08-20,211
green,2022-08-21,209
green,2022-08-22,215
green,2022-08-23,221
green,2022-08-24,220
green,2022-08-25,217
green,2022-08-26,208
green,2022-08-27,201
green,2022-08-28,197
green,2022-08-29,204
green,2022-08-30,206
green,2022-08-31,216
green,2022-09-01,224
green,2022-09-02,214
green,2022-09-03,219
green,2022-09-04,213
green,2022-09-05,222
green,2022-09-06,215
green,2022-09-07,213
green,2022-09-08,216
green,2022-09-09,210
green,2022-09-10,204
green,2022-09-11,199
green,2022-09-12,208
green,2022-09-13,200
green,2022-09-14,210
green,2022-09-15,201
green,2022-09-16,200
green,2022-09-17,198
green,2022-09-18,204
green,2022-09-19,205
green,2022-09-20,195
green,2022-09-21,201
green,2022-09-22,195
green,2022-09-23,204
green,2022-09-24,212
green,2022-09-25,216
green,2022-09-26,213
green,2022-09-27,214
green,2022-09-28,214
green,2022-09-29,216
green,2022-09-30,214
green,2022-10-01,208
green,2022-10-02,200
green,2022-10-03,203
green,2022-10-04,199
green,2022-10-05,191
green,2022-10-06,184
green,2022-10-07,174
green,2022-10-08,175
green,2022-10-09,169
green,2022-10-10,170
green,2022-10-11,176
green,2022-10-12,181
green,2022-10-13,185
green,2022-10-14,189
green,2022-10-15,193
green,2022-10-16,199
green,2022-10-17,190
green,2022-10-18,194
green,2022-10-19,200
green,2022-10-20,204
green,2022-10-21,204
green,2022-10-22,209
green,2022-10-23,207
green,2022-10-24,206
green,2022-10-25,197
green,2022-10-26,205
green,2022-10-27,199
green,2022-10-28,208
green,2022-10-29,201
green,2022-10-30,195
green,2022-10-31,190
green,2022-11-01,182
green,2022-11-02,185
green,2022-11-03,190
green,2022-11-04,199
green,2022-11-05,196
green,2022-11-06,188
green,2022-11-07,189
green,2022-11-08,191
green,2022-11-09,193
green,2022-11-10,189
green,2022-11-11,198
green,2022-11-12,189
green,2022-11-13,192
green,2022-11-14,199
green,2022-11-15,199
green,2022-11-16,206
green,2022-11-17,197
green,2022-11-18,205
green,2022-11-19,198
green,2022-11-20,207
green,2022-11-21,199
green,2022-11-22,193
green,2022-11-23,194
green,2022-11-24,199
green,2022-11-25,208
green,2022-11-26,203
green,2022-11-27,210
green,2022-11-28,207
green,2022-11-29,211
green,2022-11-30,205
green,2022-12-01,215
green,2022-12-02,207
green,2022-12-03,209
green,2022-12-04,218
green,2022-12-05,208
green,2022-12-06,205
green,2022-12-07,207
green,2022-12-08,205
green,2022-12-09,211
green,2022-12-10,208
green,2022-12-11,216
green,2022-12-12,214
green,2022-12-13,224
green,2022-12-14,222
green,2022-12-15,228
green,2022-12-16,229
green,2022-12-17,223
green,2022-12-18,213
green,2022-12-19,217
green,2022-12-20,214
green,2022-12-21,212
green,2022-12-22,222
green,2022-12-23,221
green,2022-12-24,226
green,2022-12-25,218
green,2022-12-26,217
green,2022-12-27,207
green,2022-12-28,217
green,2022-12-29,225
green,2022-12-30,223
green,2022-12-31,220
green,2023-01-01,211
green,2023-01-02,202
green,2023-01-03,197
green,2023-01-04,200
green,2023-01-05,193
green,2023-01-06,199
green,2023-01-07,200
green,2023-01-08,199
green,2023-01-09,206
green,2023-01-10,198
green,2023-01-11,192
green,2023-01-12,182
green,2023-01-13,191
green,2023-01-14,199
green,2023-01-15,209
green,2023-01-16,208
green,2023-01-17,203
green,2023-01-18,212
green,2023-01-19,222
green,2023-01-20,219
green,2023-01-21,224
green,2023-01-22,226
green,2023-01-23,216
green,2023-01-24,207
green,2023-01-25,214
green,2023-01-26,215
green,2023-01-27,221
green,2023-01-28,218
green,2023-01-29,227
green,2023-01-30,235
green,2023-01-31,229
green,2023-02-01,236
green,2023-02-02,234
green,2023-02-03,234
green,2023-02-04,242
green,2023-02-05,243
green,2023-02-06,246
green,2023-02-07,239
green,2023-02-08,235
green,2023-02-09,229
green,2023-02-10,239
green,2023-02-11,240
green,2023-02-12,238
green,2023-02-13,234
green,2023-02-14,236
green,2023-02-15,240
green,2023-02-16,241
green,2023-02-17,234
green,2023-02-18,235
green,2023-02-19,242
green,2023-02-20,245
green,2023-02-21,245
green,2023-02-22,243
green,2023-02-23,235
green,2023-02-24,241
green,2023-02-25,249
green,2023-02-26,258
green,2023-02-27,260
green,2023-02-28,254
green,2023-03-01,257
green,2023-03-02,252
green,2023-03-03,252
green,2023-03-04,246
green,2023-03-05,237
green,2023-03-06,237
green,2023-03-07,244
green,2023-03-08,245
green,2023-03-09,243
green,2023-03-10,243
green,2023-03-11,252
green,2023-03-12,250
green,2023-03-13,243
green,2023-03-14,237
green,2023-03-15,227
green,2023-03-16,225
green,2023-03-17,222
green,2023-03-18,225
green,2023-03-19,215
green,2023-03-20,210
green,2023-03-21,202
green,2023-03-22,209
green,2023-03-23,217
green,2023-03-24,209
green,2023-03-25,210
green,2023-03-26,210
green,2023-03-27,217
green,2023-03-28,208
green,2023-03-29,208
green,2023-03-30,216
green,2023-03-31,222
green,2023-04-01,213
green,2023-04-02,208
green,2023-04-03,207
green,2023-04-04,207
green,2023-04-05,201
green,2023-04-06,201
green,2023-04-07,203
green,2023-04-08,199
green,2023-04-09,202
green,2023-04-10,212
green,2023-04-11,206
green,2023-04-12,216
green,2023-04-13,225
green,2023-04-14,215
green,2023-04-15,213
green,2023-04-16,217
green,2023-04-17,219
green,2023-04-18,229
green,2023-04-19,226
green,2023-04-20,223
green,2023-04-21,224
green,2023-04-22,214
green,2023-04-23,208
green,2023-04-24,215
green,2023-04-25,218
green,2023-04-26,217
green,2023-04-27,222
green,2023-04-28,213
green,2023-04-29,212
green,2023-04-30,212
green,2023-05-01,217
green,2023-05-02,209
green,2023-05-03,219
green,2023-05-04,214
green,2023-05-05,205
green,2023-05-06,208
green,2023-05-07,198
green,2023-05-08,197
green,2023-05-09,192
green,2023-05-10,201
green,2023-05-11,196
green,2023-05-12,200
green,2023-05-13,196
green,2023-05-14,192
green,2023-05-15,188
green,2023-05-16,188
green,2023-05-17,196
green,2023-05-18,189
green,2023-05-19,182
green,2023-05-20,187
green,2023-05-21,189
green,2023-05-22,196
green,2023-05-23,199
green,2023-05-24,205
green,2023-05-25,213
green,2023-05-26,219
green,2023-05-27,219
green,2023-05-28,213
green,2023-05-29,219
green,2023-05-30,226
green,2023-05-31,227
green,2023-06-01,217
green,2023-06-02,225
green,2023-06-03,224
green,2023-06-04,232
green,2023-06-05,235
green,2023-06-06,237
green,2023-06-07,229
green,2023-06-08,235
green,2023-06-09,239
green,2023-06-10,248
green,2023-06-11,246
green,2023-06-12,252
green,2023-06-13,251
green,2023-06-14,249
green,2023-06-15,244
green,2023-06-16,240
green,2023-06-17,240
green,2023-06-18,238
green,2023-06-19,239
green,2023-06-20,229
green,2023-06-21,220
green,2023-06-22,219
green,2023-06-23,211
green,2023-06-24,217
green,2023-06-25,225
green,2023-06-26,234
green,2023-06-27,235
green,2023-06-28,238
green,2023-06-29,229
green,2023-06-30,220
green,2023-07-01,230
green,2023-07-02,236
green,2023-07-03,236
green,2023-07-04,229
green,2023-07-05,220
green,2023-07-06,229
green,2023-07-07,230
green,2023-07-08,223
green,2023-07-09,216
green,2023-07-10,221
green,2023-07-11,227
green,2023-07-12,222
green,2023-07-13,218
green,2023-07-14,213
green,2023-07-15,212
green,2023-07-16,208
green,2023-07-17,200
green,2023-07-18,195
green,2023-07-19,192
green,2023-07-20,187
green,2023-07-21,184
green,2023-07-22,187
green,2023-07-23,190
green,2023-07-24,183
green,2023-07-25,189
green,2023-07-26,199
green,2023-07-27,193
green,2023-07-28,197
green,2023-07-29,200
green,2023-07-30,201
green,2023-07-31,203
green,2023-08-01,208
green,2023-08-02,211
green,2023-08-03,212
green,2023-08-04,204
green,2023-08-05,212
green,2023-08-06,213
green,2023-08-07,220
green,2023-08-08,211
green,2023-08-09,208
green,2023-08-10,214
green,2023-08-11,213
green,2023-08-12,217
green,2023-08-13,215
green,2023-08-14,217
green,2023-08-15,207
green,2023-08-16,198
green,2023-08-17,205
green,2023-08-18,199
green,2023-08-19,201
green,2023-08-20,195
green,2023-08-21,188
green,2023-08-22,189
green,2023-08-23,198
green,2023-08-24,197
green,2023-08-25,192
green,2023-08-26,184
green,2023-08-27,178
green,2023-08-28,177
green,2023-08-29,176
green,2023-08-30,184
green,2023-08-31,178
green,2023-09-01,185
green,2023-09-02,187
green,2023-09-03,182
green,2023-09-04,182
green,2023-09-05,174
green,2023-09-06,175
green,2023-09-07,180
green,2023-09-08,186
green,2023-09-09,177
green,2023-09-10,177
green,2023-09-11,168
green,2023-09-12,158
green,2023-09-13,153
green,2023-09-14,149
green,2023-09-15,158
green,2023-09-16,148
green,2023-09-17,152
green,2023-09-18,147
green,2023-09-19,157
green,2023-09-20,167
green,2023-09-21,158
green,2023-09-22,150
green,2023-09-23,156
green,2023-09-24,147
green,2023-09-25,146
green,2023-09-26,147
green,2023-09-27,140
green,2023-09-28,150
green,2023-09-29,152
green,2023-09-30,151
green,2023-10-01,147
green,2023-10-02,137
green,2023-10-03,139
green,2023-10-04,145
green,2023-10-05,137
green,2023-10-06,133
green,2023-10-07,131
green,2023-10-08,125
green,2023-10-09,135
green,2023-10-10,133
